image,status,brightness,blur_score,contrast,warnings,has_label,class
10.jpg,ok,126.5,1779.4,48.6,,True,rebar corrosion
12.jpg,ok,130.1,10463.6,38.3,,True,rebar corrosion
26.jpg,ok,102.6,532.7,43.8,,True,rebar corrosion
43.jpg,ok,135.7,245.4,47.2,,True,rebar corrosion
5.jpg,ok,127.7,2992.1,63.8,,True,rebar corrosion
9.jpg,ok,116.5,1144.0,44.7,,True,rebar corrosion
Image_0_8072716.jpg,ok,126.5,325.1,50.0,,True,rebar corrosion
Image_104_6235307.jpg,ok,146.6,177.8,48.1,,True,rebar corrosion
Image_104_9592740.jpg,ok,121.5,103.8,52.2,,True,rebar corrosion
Image_107_1194343.jpg,ok,110.7,131.7,42.6,,True,rebar corrosion
Image_118_1377505.jpg,ok,159.2,171.0,39.9,,True,rebar corrosion
Image_118_2725125.jpg,ok,145.6,199.2,33.6,,True,rebar corrosion
Image_118_6579825.jpg,ok,152.9,168.9,39.0,,True,rebar corrosion
Image_118_9362556.jpg,ok,160.3,116.3,40.0,,True,rebar corrosion
Image_119_2032759.jpg,ok,117.7,132.0,48.7,,True,minor spalling
Image_119_3665189.jpg,ok,106.8,219.4,53.8,,True,moderate spalling
Image_119_463113.jpg,ok,125.9,309.8,53.3,,True,rebar corrosion
Image_120_239090.jpg,ok,119.6,184.0,46.6,,True,rebar corrosion
Image_120_3539958.jpg,ok,128.5,168.0,49.9,,True,minor spalling
Image_120_411126.jpg,ok,138.0,143.3,45.8,,True,rebar corrosion
Image_12_7585117.jpg,ok,128.7,691.3,57.2,,True,rebar corrosion
Image_12_807758.jpg,ok,153.9,1282.3,55.6,,True,rebar corrosion
Image_132_1097149.jpg,ok,158.9,84.4,50.5,,True,rebar corrosion
Image_132_587792.jpg,ok,149.5,88.7,52.2,,True,rebar corrosion
Image_138_4648767.jpg,ok,179.2,90.8,49.1,,True,rebar corrosion
Image_138_698252.jpg,ok,174.6,106.1,48.4,,True,rebar corrosion
Image_140_7111367.jpg,ok,141.0,415.8,42.9,,True,rebar corrosion
Image_140_7140904.jpg,ok,157.1,142.9,44.2,,True,rebar corrosion
Image_144_1542437.jpg,ok,105.7,164.0,36.2,,True,rebar corrosion
Image_152_7319799.jpg,ok,170.8,154.4,69.0,,True,rebar corrosion
Image_152_7357179.jpg,ok,174.8,180.7,62.9,,True,rebar corrosion
Image_152_8291368.jpg,ok,175.5,197.3,64.5,,True,rebar corrosion
Image_152_8770028.jpg,ok,160.1,162.9,64.1,,True,rebar corrosion
Image_26_4976662.jpg,ok,149.7,845.5,58.5,,True,structural crack
Image_26_5383406.jpg,ok,169.0,960.4,62.5,,True,structural crack
Image_26_6822747.jpg,ok,157.7,698.0,62.0,,True,structural crack
Image_8_1733177.jpg,ok,107.6,89.2,31.6,,True,rebar corrosion
Image_9_6584062.jpg,ok,131.2,184.6,45.6,,True,rebar corrosion
Image_9_9195853.jpg,ok,151.4,125.2,37.0,,True,rebar corrosion
corrosion_103.jpg,ok,159.3,978.2,45.8,,True,rebar corrosion
corrosion_125.jpg,ok,127.6,258.6,44.6,,True,rebar corrosion
corrosion_15.jpg,ok,126.9,1392.2,64.7,,True,rebar corrosion
corrosion_157.jpg,ok,153.5,1255.4,54.8,,True,delamination
corrosion_16.jpg,ok,154.4,2349.9,50.2,,True,rebar corrosion
corrosion_170.jpg,ok,154.5,2454.0,63.8,,True,rebar corrosion
corrosion_2.jpg,ok,72.0,2530.2,36.0,,True,rebar corrosion
corrosion_209.jpg,ok,117.9,580.4,47.2,,True,delamination
corrosion_25.jpg,ok,131.6,1145.9,59.1,,True,rebar corrosion
corrosion_251.jpg,ok,146.7,1153.2,37.7,,True,rebar corrosion
corrosion_26.jpg,ok,123.2,382.5,50.6,,True,minor spalling
corrosion_262.jpg,ok,140.3,107.5,61.1,,True,structural crack
corrosion_40.jpg,ok,155.4,327.0,44.4,,True,rebar corrosion
corrosion_57.jpg,ok,177.4,872.2,50.6,,True,rebar corrosion
corrosion_59.jpg,ok,127.8,8329.1,45.5,,True,microcrack
corrosion_62.jpg,ok,150.6,888.0,49.6,,True,rebar corrosion
corrosion_70.jpg,ok,102.4,919.5,64.0,,True,rebar corrosion
corrosion_72.jpg,ok,101.0,433.1,34.0,,True,minor spalling
corrosion_80.jpg,ok,110.2,5707.9,47.2,,True,rebar corrosion
corrosion_85.jpg,ok,194.4,129.2,61.4,,True,rebar corrosion
corrosion_9.jpg,ok,153.8,376.3,42.5,,True,rebar corrosion
corrosion_94.jpg,ok,140.4,1239.1,45.7,,True,rebar corrosion
crack1.jpg,flagged,133.8,67.5,16.0,too blurry,True,structural crack
crack10.jpg,flagged,152.6,61.9,13.7,too blurry; low contrast,True,structural crack
crack11.jpg,flagged,149.5,68.8,18.9,too blurry,True,structural crack
crack12.jpg,flagged,138.4,64.9,17.5,too blurry,True,structural crack
crack12605.jpg,flagged,185.5,52.9,21.3,too blurry,True,structural crack
crack12642.jpg,flagged,188.4,69.9,28.5,too blurry,True,structural crack
crack1274.jpg,ok,178.2,144.2,41.8,,True,structural crack
crack1275.jpg,ok,181.7,111.1,36.2,,True,structural crack
crack1276.jpg,ok,177.5,104.1,37.8,,True,structural crack
crack1277.jpg,ok,199.2,134.9,40.0,,True,structural crack
crack1278.jpg,ok,175.2,181.2,32.9,,True,microcrack
crack1279.jpg,ok,174.4,103.8,37.6,,True,structural crack
crack1280.jpg,ok,173.5,159.2,38.6,,True,structural crack
crack1281.jpg,ok,171.4,94.1,35.8,,True,structural crack
crack1282.jpg,ok,196.7,153.2,39.1,,True,structural crack
crack1283.jpg,ok,172.4,108.0,38.3,,True,structural crack
crack1285.jpg,ok,171.5,141.6,34.9,,True,structural crack
crack1286.jpg,ok,174.7,134.0,37.1,,True,structural crack
crack1287.jpg,ok,176.9,125.4,39.3,,True,structural crack
crack1288.jpg,ok,187.8,147.5,39.4,,True,structural crack
crack1289.jpg,ok,180.9,147.4,39.2,,True,structural crack
crack1290.jpg,ok,184.6,126.7,39.1,,True,structural crack
crack1292.jpg,ok,175.5,99.9,30.3,,True,structural crack
crack1293.jpg,ok,176.1,115.8,29.0,,True,structural crack
crack1294.jpg,ok,173.0,113.9,31.8,,True,structural crack
crack1295.jpg,ok,178.0,132.8,29.6,,True,structural crack
crack1296.jpg,ok,180.7,127.1,28.2,,True,structural crack
crack13.jpg,flagged,155.8,37.8,13.4,too blurry; low contrast,True,structural crack
crack1301.jpg,flagged,172.1,23.0,18.3,too blurry,True,structural crack
crack1302.jpg,flagged,165.5,22.1,14.2,too blurry; low contrast,True,microcrack
crack1327.jpg,ok,188.7,91.9,34.8,,True,structural crack
crack1329.jpg,ok,185.6,129.2,39.1,,True,structural crack
crack1330.jpg,ok,182.6,129.2,35.6,,True,structural crack
crack1331.jpg,ok,182.7,158.0,35.9,,True,structural crack
crack1332.jpg,ok,181.0,112.2,37.2,,True,structural crack
crack1333.jpg,ok,178.6,86.3,35.9,,True,structural crack
crack1334.jpg,ok,177.2,92.0,34.1,,True,structural crack
crack1335.jpg,ok,177.4,93.4,32.7,,True,structural crack
crack1336.jpg,ok,175.8,87.2,34.3,,True,structural crack
crack1337.jpg,flagged,209.6,62.9,29.9,too blurry,True,structural crack
crack1338.jpg,ok,176.6,97.6,29.5,,True,structural crack
crack1339.jpg,ok,178.4,94.5,30.3,,True,microcrack
crack1340.jpg,ok,173.3,145.2,31.7,,True,structural crack
crack1341.jpg,ok,178.8,117.1,29.2,,True,structural crack
crack1342.jpg,ok,172.7,97.4,26.7,,True,structural crack
crack1343.jpg,flagged,170.1,60.3,29.9,too blurry,True,structural crack
crack1344.jpg,flagged,174.0,69.5,27.5,too blurry,True,structural crack
crack1346.jpg,flagged,183.3,68.0,25.7,too blurry,True,structural crack
crack1347.jpg,flagged,207.0,68.3,31.5,too blurry,True,structural crack
crack1348.jpg,ok,203.0,103.2,35.4,,True,structural crack
crack1349.jpg,flagged,200.7,78.5,37.1,too blurry,True,structural crack
crack1350.jpg,flagged,208.6,50.6,31.3,too blurry,True,structural crack
crack1351.jpg,ok,199.3,83.2,34.8,,True,structural crack
crack1352.jpg,ok,195.5,94.5,34.4,,True,structural crack
crack1353.jpg,ok,182.2,191.4,36.0,,True,structural crack
crack1354.jpg,ok,189.9,245.8,18.6,,True,structural crack
crack1355.jpg,ok,185.0,286.8,19.7,,True,structural crack
crack1356.jpg,ok,180.0,212.2,35.3,,True,structural crack
crack14.jpg,flagged,151.6,41.9,17.8,too blurry,True,structural crack
crack145.jpg,flagged,110.6,50.1,24.3,too blurry,True,structural crack
crack1453.jpg,ok,174.5,246.1,30.6,,True,structural crack
crack1454.jpg,ok,170.8,206.6,29.7,,True,structural crack
crack1455.jpg,ok,170.3,191.8,28.3,,True,structural crack
crack1456.jpg,ok,171.9,190.5,29.7,,True,structural crack
crack1457.jpg,ok,171.0,140.2,30.6,,True,structural crack
crack1458.jpg,ok,170.2,158.1,31.8,,True,structural crack
crack1459.jpg,ok,170.4,159.7,30.6,,True,structural crack
crack146.jpg,flagged,108.3,48.4,24.3,too blurry,True,structural crack
crack1460.jpg,ok,216.1,117.5,26.1,,True,structural crack
crack1461.jpg,ok,170.8,199.0,23.7,,True,structural crack
crack1462.jpg,ok,174.9,191.1,24.4,,True,structural crack
crack1463.jpg,ok,173.9,168.5,24.1,,True,structural crack
crack1464.jpg,ok,173.4,144.5,24.2,,True,structural crack
crack1466.jpg,ok,211.0,134.0,27.8,,True,structural crack
crack1467.jpg,ok,203.2,102.9,27.5,,True,structural crack
crack1468.jpg,flagged,215.1,67.1,26.0,too blurry,True,structural crack
crack1469.jpg,ok,197.3,142.3,27.0,,True,structural crack
crack147.jpg,flagged,104.9,51.0,26.8,too blurry,True,structural crack
crack1470.jpg,ok,194.9,161.3,24.1,,True,structural crack
crack1471.jpg,ok,192.9,282.3,26.4,,True,structural crack
crack1472.jpg,ok,185.6,131.6,33.6,,True,structural crack
crack1473.jpg,ok,183.7,108.8,33.2,,True,structural crack
crack1474.jpg,ok,180.3,194.1,32.2,,True,structural crack
crack1475.jpg,ok,179.0,247.9,29.6,,True,structural crack
crack1476.jpg,ok,179.1,137.6,29.7,,True,microcrack
crack1477.jpg,ok,175.5,112.2,33.7,,True,structural crack
crack1478.jpg,ok,173.9,129.9,32.6,,True,structural crack
crack1479.jpg,ok,170.2,129.1,32.5,,True,structural crack
crack148.jpg,flagged,107.9,49.4,25.5,too blurry,True,structural crack
crack1480.jpg,ok,168.0,150.9,33.9,,True,structural crack
crack1481.jpg,flagged,213.4,56.0,29.0,too blurry,True,structural crack
crack1482.jpg,ok,167.5,145.4,33.9,,True,structural crack
crack149.jpg,flagged,108.0,51.9,25.0,too blurry,True,structural crack
crack15.jpg,flagged,147.7,53.3,13.7,too blurry; low contrast,True,structural crack
crack150.jpg,flagged,108.2,56.6,24.7,too blurry,True,structural crack
crack151.jpg,flagged,146.4,77.9,26.6,too blurry,True,structural crack
crack152.jpg,flagged,114.1,58.9,25.1,too blurry,True,structural crack
crack15216.jpg,ok,184.1,317.4,33.9,,True,structural crack
crack15217.jpg,ok,100.6,124.7,23.0,,True,microcrack
crack15218.jpg,ok,97.9,121.4,22.4,,True,structural crack
crack15219.jpg,ok,100.2,120.1,22.3,,True,structural crack
crack15220.jpg,ok,100.8,121.3,23.1,,True,structural crack
crack15221.jpg,ok,97.8,133.5,22.8,,True,structural crack
crack15222.jpg,ok,101.6,120.9,21.3,,True,structural crack
crack15223.jpg,ok,106.8,181.9,21.9,,True,structural crack
crack15226.jpg,ok,107.6,205.0,23.6,,True,structural crack
crack15227.jpg,ok,112.8,88.9,21.3,,True,structural crack
crack15228.jpg,ok,107.9,197.1,24.7,,True,microcrack
crack15229.jpg,ok,112.7,141.7,25.5,,True,structural crack
crack15230.jpg,ok,103.0,118.8,27.2,,True,structural crack
crack15231.jpg,ok,102.4,136.2,24.5,,True,structural crack
crack15232.jpg,ok,103.2,140.4,22.9,,True,structural crack
crack15233.jpg,ok,105.2,145.4,21.5,,True,structural crack
crack153.jpg,flagged,113.5,63.4,25.1,too blurry,True,structural crack
crack154.jpg,flagged,113.8,63.2,24.5,too blurry,True,structural crack
crack155.jpg,flagged,109.4,66.3,27.4,too blurry,True,structural crack
crack156.jpg,ok,113.4,86.4,26.0,,True,structural crack
crack157.jpg,ok,114.6,94.6,26.5,,True,structural crack
crack158.jpg,ok,118.8,81.0,26.0,,True,structural crack
crack159.jpg,flagged,117.7,79.1,27.0,too blurry,True,structural crack
crack16.jpg,flagged,153.4,43.0,16.0,too blurry,True,microcrack
crack161.jpg,ok,117.6,83.8,26.7,,True,structural crack
crack16498.jpg,ok,184.6,96.5,22.9,,True,structural crack
crack16499.jpg,ok,188.0,147.5,33.1,,True,structural crack
crack16500.jpg,ok,186.4,120.9,27.3,,True,structural crack
crack16501.jpg,ok,169.9,135.0,30.8,,True,structural crack
crack16502.jpg,ok,181.7,142.1,28.4,,True,structural crack
crack16503.jpg,ok,174.3,112.0,29.9,,True,structural crack
crack16504.jpg,ok,185.5,111.7,29.0,,True,structural crack
crack16505.jpg,ok,178.3,118.1,29.0,,True,structural crack
crack16506.jpg,ok,169.5,124.2,28.5,,True,structural crack
crack16507.jpg,ok,175.6,137.7,30.2,,True,structural crack
crack16508.jpg,ok,169.1,131.9,28.8,,True,structural crack
crack16509.jpg,ok,172.9,146.7,28.7,,True,structural crack
crack16510.jpg,ok,170.6,179.6,29.3,,True,structural crack
crack16511.jpg,ok,172.5,184.2,28.9,,True,structural crack
crack16512.jpg,ok,207.4,88.6,20.7,,True,structural crack
crack16513.jpg,ok,207.9,110.8,20.3,,True,structural crack
crack16514.jpg,ok,208.6,121.9,20.3,,True,structural crack
crack16515.jpg,ok,198.7,90.5,26.2,,True,structural crack
crack16516.jpg,ok,204.5,80.5,20.9,,True,structural crack
crack16517.jpg,ok,194.1,87.1,25.8,,True,structural crack
crack16518.jpg,ok,208.0,111.6,19.9,,True,microcrack
crack16519.jpg,ok,192.4,94.3,25.0,,True,structural crack
crack16520.jpg,flagged,190.7,58.4,25.2,too blurry,True,structural crack
crack16521.jpg,flagged,186.8,78.7,20.7,too blurry,True,microcrack
crack16522.jpg,flagged,193.4,27.5,24.8,too blurry,True,structural crack
crack16523.jpg,flagged,190.8,60.5,23.5,too blurry,True,structural crack
crack16524.jpg,flagged,190.7,55.5,21.3,too blurry,True,structural crack
crack16525.jpg,ok,184.4,82.6,23.9,,True,microcrack
crack16526.jpg,flagged,183.0,68.9,24.4,too blurry,True,structural crack
crack16527.jpg,flagged,186.2,64.6,24.5,too blurry,True,structural crack
crack1687.jpg,ok,170.1,151.2,17.6,,True,structural crack
crack1688.jpg,ok,171.6,135.6,20.8,,True,structural crack
crack17.jpg,flagged,149.4,61.9,12.8,too blurry; low contrast,True,structural crack
crack1709.jpg,flagged,190.7,58.0,18.3,too blurry,True,structural crack
crack1710.jpg,flagged,201.2,39.5,17.9,too blurry,True,structural crack
crack1711.jpg,flagged,183.8,59.6,16.3,too blurry,True,structural crack
crack1712.jpg,ok,181.0,97.2,18.3,,True,structural crack
crack1713.jpg,ok,189.5,96.9,33.2,,True,structural crack
crack1714.jpg,ok,188.5,86.8,37.0,,True,structural crack
crack1715.jpg,flagged,185.4,77.8,39.3,too blurry,True,structural crack
crack1716.jpg,flagged,179.9,71.2,38.0,too blurry,True,structural crack
crack17434.jpg,flagged,167.7,60.1,22.9,too blurry,True,structural crack
crack18.jpg,flagged,141.0,75.7,15.7,too blurry,True,structural crack
crack19.jpg,flagged,154.1,40.0,8.5,too blurry; low contrast,True,microcrack
crack19324.jpg,flagged,154.7,43.4,14.1,too blurry; low contrast,True,structural crack
crack19328.jpg,flagged,120.4,49.8,23.3,too blurry,True,structural crack
crack19341.jpg,ok,160.7,82.6,23.1,,True,structural crack
crack19357.jpg,flagged,158.4,65.1,15.8,too blurry,True,structural crack
crack19360.jpg,ok,154.5,221.4,50.0,,True,structural crack
crack19361.jpg,flagged,195.8,50.0,40.9,too blurry,True,structural crack
crack19367.jpg,ok,186.5,104.2,42.9,,True,structural crack
crack19369.jpg,flagged,131.8,73.8,12.5,too blurry; low contrast,True,structural crack
crack19370.jpg,flagged,209.9,56.0,25.3,too blurry,True,structural crack
crack19373.jpg,ok,169.2,103.4,28.5,,True,structural crack
crack19383.jpg,flagged,171.6,71.1,38.3,too blurry,True,structural crack
crack19401.jpg,flagged,139.6,58.5,14.6,too blurry; low contrast,True,structural crack
crack19405.jpg,ok,173.0,96.8,40.6,,True,structural crack
crack19412.jpg,ok,166.8,119.6,36.5,,True,structural crack
crack19418.jpg,flagged,189.9,62.4,24.1,too blurry,True,structural crack
crack19428.jpg,flagged,196.1,75.0,27.8,too blurry,True,structural crack
crack19434.jpg,flagged,157.9,62.6,17.9,too blurry,True,structural crack
crack19435.jpg,flagged,198.0,45.8,19.1,too blurry,True,structural crack
crack19443.jpg,flagged,152.7,63.1,20.4,too blurry,True,structural crack
crack19448.jpg,ok,161.0,116.6,39.1,,True,structural crack
crack19450.jpg,flagged,183.1,61.5,19.1,too blurry,True,microcrack
crack19458.jpg,ok,144.3,127.0,15.4,,True,structural crack
crack19460.jpg,flagged,132.1,24.3,7.8,too blurry; low contrast,True,structural crack
crack19461.jpg,flagged,158.0,43.9,19.8,too blurry,True,structural crack
crack19463.jpg,flagged,198.1,26.3,23.0,too blurry,True,structural crack
crack19475.jpg,flagged,174.0,42.6,15.6,too blurry,True,microcrack
crack19482.jpg,ok,170.7,156.3,25.9,,True,structural crack
crack19483.jpg,flagged,166.6,58.8,36.2,too blurry,True,structural crack
crack19494.jpg,flagged,166.6,69.6,27.2,too blurry,True,structural crack
crack19497.jpg,ok,193.0,128.6,25.2,,True,structural crack
crack2.jpg,flagged,153.4,56.0,12.8,too blurry; low contrast,True,structural crack
crack20.jpg,flagged,150.5,42.8,8.2,too blurry; low contrast,True,microcrack
crack20412.jpg,ok,186.0,86.7,18.7,,True,structural crack
crack20420.jpg,flagged,170.1,29.7,40.7,too blurry,True,structural crack
crack20439.jpg,ok,176.1,116.8,29.1,,True,structural crack
crack20440.jpg,flagged,164.1,68.0,31.8,too blurry,True,structural crack
crack20442.jpg,ok,180.5,83.8,28.6,,True,structural crack
crack20444.jpg,flagged,192.4,40.8,25.1,too blurry,True,microcrack
crack20446.jpg,ok,173.2,157.6,29.6,,True,structural crack
crack20447.jpg,flagged,135.1,54.2,25.5,too blurry,True,structural crack
crack20448.jpg,ok,172.9,145.6,36.7,,True,structural crack
crack20451.jpg,flagged,142.5,79.7,23.0,too blurry,True,structural crack
crack20452.jpg,flagged,177.1,40.3,19.5,too blurry,True,microcrack
crack20453.jpg,ok,114.7,92.0,26.5,,True,structural crack
crack20454.jpg,flagged,117.5,51.9,22.1,too blurry,True,structural crack
crack20455.jpg,flagged,153.7,49.0,48.1,too blurry,True,structural crack
crack20458.jpg,ok,164.1,89.6,29.2,,True,structural crack
crack20459.jpg,flagged,183.5,43.6,20.6,too blurry,True,structural crack
crack2083.jpg,ok,193.8,81.1,15.7,,True,structural crack
crack2085.jpg,flagged,197.9,110.3,13.8,low contrast,True,microcrack
crack2086.jpg,ok,195.6,111.0,15.9,,True,structural crack
crack2087.jpg,flagged,204.7,42.5,14.4,too blurry; low contrast,True,structural crack
crack2088.jpg,ok,193.4,110.0,16.4,,True,structural crack
crack2089.jpg,ok,193.0,106.2,16.3,,True,structural crack
crack2090.jpg,flagged,192.8,82.3,12.0,low contrast,True,microcrack
crack2091.jpg,flagged,189.7,124.5,14.5,low contrast,True,microcrack
crack2092.jpg,ok,182.8,116.5,16.1,,True,structural crack
crack2093.jpg,ok,180.3,98.0,16.5,,True,structural crack
crack2094.jpg,flagged,177.9,62.9,15.9,too blurry,True,structural crack
crack2095.jpg,flagged,179.3,70.5,16.2,too blurry,True,structural crack
crack2096.jpg,flagged,178.1,68.1,14.9,too blurry; low contrast,True,microcrack
crack2097.jpg,flagged,205.3,50.1,14.5,too blurry; low contrast,True,structural crack
crack2098.jpg,flagged,172.9,47.0,14.6,too blurry; low contrast,True,structural crack
crack2099.jpg,flagged,175.8,54.8,17.2,too blurry,True,structural crack
crack21.jpg,flagged,149.4,49.6,7.4,too blurry; low contrast,True,microcrack
crack2100.jpg,flagged,177.0,50.9,15.4,too blurry,True,structural crack
crack2101.jpg,flagged,172.1,40.7,12.7,too blurry; low contrast,True,structural crack
crack2102.jpg,flagged,165.5,40.1,13.0,too blurry; low contrast,True,delamination
crack2103.jpg,flagged,204.7,69.4,15.9,too blurry,True,structural crack
crack2104.jpg,flagged,206.1,79.8,15.4,too blurry,True,structural crack
crack2105.jpg,flagged,203.4,39.2,14.8,too blurry; low contrast,True,structural crack
crack2106.jpg,ok,203.4,100.8,16.0,,True,structural crack
crack211.jpg,flagged,111.0,61.4,27.7,too blurry,True,structural crack
crack212.jpg,flagged,138.2,64.3,22.7,too blurry,True,structural crack
crack213.jpg,flagged,109.5,63.9,29.2,too blurry,True,structural crack
crack21357.jpg,ok,158.1,131.1,19.3,,True,structural crack
crack21367.jpg,flagged,191.7,73.9,17.9,too blurry,True,structural crack
crack214.jpg,flagged,110.5,73.6,26.0,too blurry,True,structural crack
crack215.jpg,flagged,106.8,65.6,27.0,too blurry,True,structural crack
crack216.jpg,flagged,136.8,59.3,23.0,too blurry,True,structural crack
crack217.jpg,flagged,106.0,57.0,28.3,too blurry,True,structural crack
crack218.jpg,flagged,105.9,64.3,29.5,too blurry,True,structural crack
crack219.jpg,ok,111.9,96.3,24.8,,True,structural crack
crack22.jpg,flagged,146.1,38.9,7.5,too blurry; low contrast,True,microcrack
crack220.jpg,flagged,113.1,79.2,23.9,too blurry,True,microcrack
crack221.jpg,flagged,111.9,78.5,22.8,too blurry,True,microcrack
crack222.jpg,flagged,111.4,65.1,22.6,too blurry,True,structural crack
crack22893.jpg,flagged,198.1,20.5,21.2,too blurry,True,structural crack
crack22894.jpg,flagged,193.8,61.7,22.4,too blurry,True,structural crack
crack22895.jpg,flagged,194.5,48.7,21.8,too blurry,True,structural crack
crack22896.jpg,flagged,196.9,43.1,20.6,too blurry,True,structural crack
crack22897.jpg,flagged,194.9,37.6,21.9,too blurry,True,structural crack
crack22898.jpg,flagged,194.4,29.5,15.3,too blurry,True,structural crack
crack22899.jpg,flagged,193.3,29.7,16.8,too blurry,True,structural crack
crack22900.jpg,flagged,192.5,42.0,25.1,too blurry,True,structural crack
crack22901.jpg,flagged,193.1,42.4,19.2,too blurry,True,structural crack
crack22902.jpg,flagged,200.1,15.8,17.5,too blurry,True,structural crack
crack22903.jpg,flagged,193.2,14.9,20.3,too blurry,True,structural crack
crack22904.jpg,flagged,194.7,16.0,24.3,too blurry,True,structural crack
crack22905.jpg,flagged,194.3,24.6,20.2,too blurry,True,structural crack
crack22906.jpg,flagged,193.4,38.6,24.7,too blurry,True,structural crack
crack22907.jpg,flagged,191.1,15.8,26.9,too blurry,True,structural crack
crack22908.jpg,flagged,190.0,30.3,26.9,too blurry,True,structural crack
crack22909.jpg,ok,196.0,131.3,19.5,,True,structural crack
crack22910.jpg,ok,197.1,110.6,20.0,,True,structural crack
crack22911.jpg,flagged,188.9,23.6,24.5,too blurry,True,structural crack
crack22912.jpg,flagged,194.4,21.7,17.3,too blurry,True,structural crack
crack22913.jpg,flagged,195.2,25.1,19.5,too blurry,True,structural crack
crack22914.jpg,flagged,199.4,33.2,19.1,too blurry,True,structural crack
crack22915.jpg,flagged,195.9,23.3,18.6,too blurry,True,structural crack
crack22916.jpg,flagged,184.1,28.2,20.2,too blurry,True,structural crack
crack22918.jpg,flagged,194.3,34.0,15.8,too blurry,True,structural crack
crack22919.jpg,flagged,192.9,42.8,18.5,too blurry,True,structural crack
crack22920.jpg,flagged,185.9,33.6,18.8,too blurry,True,structural crack
crack22921.jpg,flagged,187.0,30.8,21.8,too blurry,True,structural crack
crack22922.jpg,flagged,178.8,60.6,25.5,too blurry,True,microcrack
crack23.jpg,flagged,134.5,46.9,14.8,too blurry; low contrast,True,structural crack
crack23500.jpg,flagged,180.6,44.4,6.6,too blurry; low contrast,True,microcrack
crack23502.jpg,ok,172.2,164.5,15.2,,True,microcrack
crack23504.jpg,ok,172.5,129.0,15.9,,True,structural crack
crack23505.jpg,flagged,178.4,69.8,10.6,too blurry; low contrast,True,microcrack
crack23506.jpg,flagged,181.6,65.2,9.9,too blurry; low contrast,True,microcrack
crack23511.jpg,flagged,177.8,89.8,11.3,low contrast,True,microcrack
crack23515.jpg,flagged,177.1,97.2,10.5,low contrast,True,microcrack
crack23517.jpg,flagged,178.3,102.6,10.4,low contrast,True,microcrack
crack23518.jpg,flagged,182.3,59.4,10.6,too blurry; low contrast,True,microcrack
crack23519.jpg,flagged,171.0,39.9,8.4,too blurry; low contrast,True,microcrack
crack23520.jpg,flagged,179.1,89.6,9.4,low contrast,True,microcrack
crack23521.jpg,flagged,179.0,113.4,10.5,low contrast,True,microcrack
crack23525.jpg,flagged,172.5,185.5,13.5,low contrast,True,structural crack
crack23530.jpg,flagged,174.8,173.4,11.5,low contrast,True,microcrack
crack23534.jpg,flagged,177.8,140.5,10.5,low contrast,True,microcrack
crack23535.jpg,flagged,174.9,209.1,13.6,low contrast,True,microcrack
crack23538.jpg,flagged,180.2,105.8,9.4,low contrast,True,microcrack
crack23540.jpg,flagged,176.8,195.5,13.5,low contrast,True,microcrack
crack23553.jpg,flagged,180.6,151.4,13.5,low contrast,True,microcrack
crack23557.jpg,flagged,179.2,109.6,11.8,low contrast,True,structural crack
crack23558.jpg,flagged,178.7,129.7,14.5,low contrast,True,structural crack
crack23559.jpg,flagged,171.7,86.4,11.3,low contrast,True,structural crack
crack23561.jpg,flagged,174.5,100.3,11.2,low contrast,True,structural crack
crack23563.jpg,flagged,174.6,95.7,10.1,low contrast,True,microcrack
crack23565.jpg,flagged,174.8,156.8,14.6,low contrast,True,microcrack
crack23569.jpg,flagged,186.2,176.2,12.2,low contrast,True,microcrack
crack23571.jpg,flagged,186.0,182.0,12.2,low contrast,True,structural crack
crack23572.jpg,flagged,184.9,190.9,12.5,low contrast,True,microcrack
crack23573.jpg,flagged,184.3,135.7,10.5,low contrast,True,structural crack
crack24.jpg,flagged,133.7,57.3,14.6,too blurry; low contrast,True,structural crack
crack253.jpg,flagged,131.2,61.1,26.1,too blurry,True,structural crack
crack254.jpg,flagged,126.3,78.0,26.4,too blurry,True,structural crack
crack255.jpg,flagged,134.5,69.7,23.8,too blurry,True,structural crack
crack256.jpg,flagged,124.5,65.1,25.7,too blurry,True,structural crack
crack257.jpg,flagged,121.6,65.4,25.3,too blurry,True,structural crack
crack2575.jpg,flagged,180.9,72.6,16.2,too blurry,True,structural crack
crack2576.jpg,flagged,179.9,78.9,17.3,too blurry,True,structural crack
crack2577.jpg,flagged,178.5,67.0,16.7,too blurry,True,structural crack
crack2578.jpg,flagged,178.3,68.0,16.3,too blurry,True,structural crack
crack2579.jpg,flagged,179.6,79.6,17.4,too blurry,True,structural crack
crack258.jpg,flagged,119.3,52.7,24.0,too blurry,True,structural crack
crack2580.jpg,ok,184.2,83.9,17.3,,True,microcrack
crack2581.jpg,ok,183.5,83.7,17.0,,True,structural crack
crack2582.jpg,flagged,182.6,69.5,17.0,too blurry,True,structural crack
crack2583.jpg,flagged,177.2,77.4,17.5,too blurry,True,microcrack
crack2584.jpg,ok,171.2,99.0,17.1,,True,structural crack
crack2585.jpg,flagged,172.6,73.9,16.0,too blurry,True,structural crack
crack25854.jpg,flagged,181.7,90.4,11.7,low contrast,True,structural crack
crack25859.jpg,flagged,175.2,103.2,13.2,low contrast,True,structural crack
crack2586.jpg,flagged,195.0,36.0,18.8,too blurry,True,structural crack
crack2587.jpg,flagged,175.6,50.2,14.2,too blurry; low contrast,True,microcrack
crack2588.jpg,flagged,182.5,38.7,11.2,too blurry; low contrast,True,structural crack
crack25887.jpg,flagged,172.5,211.2,14.5,low contrast,True,structural crack
crack2589.jpg,flagged,185.7,45.5,11.3,too blurry; low contrast,True,microcrack
crack25890.jpg,flagged,179.5,150.9,13.3,low contrast,True,structural crack
crack25893.jpg,flagged,178.6,122.6,12.1,low contrast,True,microcrack
crack25897.jpg,flagged,176.9,110.2,11.0,low contrast,True,structural crack
crack259.jpg,flagged,127.1,49.0,11.4,too blurry; low contrast,True,structural crack
crack2590.jpg,flagged,184.2,63.3,12.8,too blurry; low contrast,True,microcrack
crack25904.jpg,flagged,166.9,61.5,9.5,too blurry; low contrast,True,structural crack
crack25907.jpg,ok,192.1,130.4,15.5,,True,structural crack
crack2591.jpg,flagged,183.8,54.9,14.5,too blurry; low contrast,True,structural crack
crack2592.jpg,flagged,183.4,64.9,15.4,too blurry,True,structural crack
crack2593.jpg,flagged,184.6,73.5,15.4,too blurry,True,structural crack
crack2595.jpg,flagged,199.0,36.5,14.2,too blurry; low contrast,True,structural crack
crack2596.jpg,flagged,176.4,49.5,13.0,too blurry; low contrast,True,structural crack
crack2597.jpg,flagged,197.7,36.0,12.9,too blurry; low contrast,True,structural crack
crack2598.jpg,flagged,192.9,45.9,13.9,too blurry; low contrast,True,microcrack
crack260.jpg,flagged,119.0,54.5,23.9,too blurry,True,structural crack
crack261.jpg,flagged,124.5,49.2,17.1,too blurry,True,structural crack
crack262.jpg,flagged,116.5,71.9,28.7,too blurry,True,structural crack
crack263.jpg,flagged,116.9,56.6,27.6,too blurry,True,structural crack
crack264.jpg,flagged,114.4,50.3,25.5,too blurry,True,structural crack
crack265.jpg,flagged,114.2,52.5,26.9,too blurry,True,structural crack
crack266.jpg,flagged,118.5,52.4,25.9,too blurry,True,structural crack
crack273.jpg,flagged,116.4,47.9,26.2,too blurry,True,structural crack
crack274.jpg,flagged,117.6,48.8,25.8,too blurry,True,structural crack
crack275.jpg,flagged,118.5,46.0,24.3,too blurry,True,structural crack
crack276.jpg,flagged,119.6,58.9,24.3,too blurry,True,structural crack
crack2945.jpg,flagged,164.3,50.4,35.9,too blurry,True,structural crack
crack2946.jpg,flagged,169.7,68.0,40.2,too blurry,True,microcrack
crack2947.jpg,ok,173.0,81.0,30.3,,True,structural crack
crack2948.jpg,ok,175.0,102.0,34.6,,True,structural crack
crack2949.jpg,flagged,163.2,49.8,43.1,too blurry,True,structural crack
crack2950.jpg,ok,165.0,87.6,32.3,,True,structural crack
crack2951.jpg,flagged,161.8,48.0,35.9,too blurry,True,structural crack
crack2952.jpg,ok,168.1,80.3,32.1,,True,structural crack
crack2953.jpg,flagged,151.4,78.9,40.0,too blurry,True,structural crack
crack2954.jpg,flagged,162.1,71.6,28.3,too blurry,True,structural crack
crack2955.jpg,ok,165.9,95.8,34.6,,True,structural crack
crack2956.jpg,flagged,162.6,67.2,26.1,too blurry,True,structural crack
crack2957.jpg,ok,170.5,84.4,30.7,,True,microcrack
crack2958.jpg,flagged,149.8,56.7,39.8,too blurry,True,structural crack
crack3.jpg,flagged,135.8,68.3,15.2,too blurry,True,structural crack
crack30.jpg,ok,160.2,107.3,20.7,,True,structural crack
crack325.jpg,flagged,102.5,63.1,20.6,too blurry,True,structural crack
crack326.jpg,flagged,101.7,63.5,20.2,too blurry,True,structural crack
crack327.jpg,flagged,102.6,60.2,21.6,too blurry,True,structural crack
crack328.jpg,flagged,105.0,64.2,21.2,too blurry,True,structural crack
crack329.jpg,flagged,106.0,68.6,20.8,too blurry,True,structural crack
crack330.jpg,flagged,136.2,53.8,19.8,too blurry,True,structural crack
crack331.jpg,flagged,107.1,64.1,20.0,too blurry,True,structural crack
crack4.jpg,flagged,147.5,61.4,16.2,too blurry,True,structural crack
crack4399.jpg,flagged,142.3,161.7,13.4,low contrast,True,structural crack
crack4400.jpg,flagged,140.9,140.6,12.7,low contrast,True,structural crack
crack4401.jpg,flagged,140.1,155.7,12.8,low contrast,True,structural crack
crack4402.jpg,flagged,140.9,175.8,14.1,low contrast,True,structural crack
crack4403.jpg,flagged,147.5,90.3,13.5,low contrast,True,structural crack
crack4404.jpg,flagged,141.4,149.9,13.5,low contrast,True,structural crack
crack4405.jpg,flagged,140.9,146.6,14.6,low contrast,True,structural crack
crack4406.jpg,flagged,141.5,101.6,13.7,low contrast,True,structural crack
crack4407.jpg,flagged,147.3,81.5,13.9,low contrast,True,structural crack
crack4408.jpg,flagged,144.8,92.9,14.8,low contrast,True,structural crack
crack4409.jpg,flagged,143.0,91.3,13.7,low contrast,True,structural crack
crack4410.jpg,ok,144.3,118.5,15.4,,True,structural crack
crack4411.jpg,ok,144.8,117.7,15.7,,True,structural crack
crack4412.jpg,flagged,147.0,82.0,13.2,low contrast,True,structural crack
crack4413.jpg,flagged,142.5,117.5,14.3,low contrast,True,structural crack
crack4414.jpg,flagged,141.4,95.8,12.4,low contrast,True,structural crack
crack4415.jpg,flagged,141.5,126.5,13.3,low contrast,True,structural crack
crack4416.jpg,flagged,193.3,75.0,24.7,too blurry,True,structural crack
crack4417.jpg,flagged,195.9,74.7,23.7,too blurry,True,structural crack
crack4418.jpg,flagged,194.3,59.7,25.2,too blurry,True,structural crack
crack4419.jpg,flagged,192.1,53.6,24.3,too blurry,True,structural crack
crack4420.jpg,ok,187.2,86.2,27.9,,True,structural crack
crack4421.jpg,ok,185.0,99.5,29.8,,True,structural crack
crack4422.jpg,flagged,179.1,67.4,30.7,too blurry,True,structural crack
crack4641.jpg,flagged,191.6,54.3,17.5,too blurry,True,microcrack
crack4642.jpg,ok,178.4,94.5,34.2,,True,structural crack
crack4643.jpg,flagged,189.7,61.4,18.8,too blurry,True,structural crack
crack4644.jpg,ok,190.3,84.0,22.3,,True,structural crack
crack4645.jpg,flagged,178.1,79.5,38.3,too blurry,True,structural crack
crack4646.jpg,flagged,181.1,66.2,38.5,too blurry,True,structural crack
crack4647.jpg,flagged,186.9,75.3,21.1,too blurry,True,structural crack
crack4648.jpg,flagged,191.1,54.8,19.0,too blurry,True,structural crack
crack4649.jpg,flagged,200.1,36.5,17.4,too blurry,True,structural crack
crack4650.jpg,flagged,194.6,38.6,18.3,too blurry,True,structural crack
crack4651.jpg,flagged,197.2,44.9,17.0,too blurry,True,microcrack
crack4652.jpg,flagged,185.7,46.1,27.1,too blurry,True,structural crack
crack4653.jpg,flagged,204.1,34.7,18.2,too blurry,True,microcrack
crack4654.jpg,flagged,185.2,48.6,23.5,too blurry,True,structural crack
crack4655.jpg,flagged,190.7,23.4,15.6,too blurry,True,structural crack
crack4656.jpg,flagged,179.5,58.9,35.5,too blurry,True,structural crack
crack4657.jpg,flagged,182.3,46.9,27.0,too blurry,True,structural crack
crack4658.jpg,flagged,188.0,27.0,21.0,too blurry,True,structural crack
crack5.jpg,flagged,155.1,60.5,12.8,too blurry; low contrast,True,structural crack
crack5145.jpg,flagged,163.8,62.9,25.9,too blurry,True,structural crack
crack5146.jpg,flagged,162.9,59.8,26.2,too blurry,True,structural crack
crack5147.jpg,flagged,158.2,63.2,25.9,too blurry,True,structural crack
crack5148.jpg,flagged,188.7,36.7,18.1,too blurry,True,structural crack
crack5149.jpg,flagged,189.4,26.6,18.3,too blurry,True,structural crack
crack5150.jpg,flagged,190.5,25.4,21.0,too blurry,True,structural crack
crack5357.jpg,ok,176.2,244.0,29.4,,True,structural crack
crack5358.jpg,ok,174.2,286.1,29.3,,True,microcrack
crack5359.jpg,ok,174.4,278.4,29.3,,True,microcrack
crack5360.jpg,ok,173.0,283.6,29.0,,True,structural crack
crack5361.jpg,ok,175.6,293.1,28.5,,True,structural crack
crack5362.jpg,ok,179.6,301.8,31.7,,True,structural crack
crack5363.jpg,ok,185.7,218.8,28.1,,True,structural crack
crack5364.jpg,ok,188.1,236.9,27.9,,True,microcrack
crack5365.jpg,ok,186.7,168.2,29.0,,True,structural crack
crack5366.jpg,ok,187.3,175.0,30.4,,True,structural crack
crack5367.jpg,ok,190.9,175.1,28.5,,True,structural crack
crack5368.jpg,ok,195.0,147.7,27.3,,True,structural crack
crack5369.jpg,ok,199.2,100.8,23.9,,True,structural crack
crack5370.jpg,ok,193.1,97.6,26.8,,True,structural crack
crack5371.jpg,ok,192.1,100.3,28.3,,True,structural crack
crack5372.jpg,ok,192.9,121.5,31.0,,True,structural crack
crack5373.jpg,ok,195.1,153.8,28.1,,True,structural crack
crack5374.jpg,ok,197.1,126.9,26.2,,True,structural crack
crack5375.jpg,ok,189.9,86.0,24.3,,True,microcrack
crack5376.jpg,ok,199.0,98.0,24.1,,True,structural crack
crack5377.jpg,ok,194.0,141.1,27.4,,True,structural crack
crack5378.jpg,ok,192.2,161.0,27.3,,True,structural crack
crack5379.jpg,ok,198.3,98.4,24.5,,True,structural crack
crack5380.jpg,ok,193.1,136.7,24.7,,True,structural crack
crack5417.jpg,ok,183.2,94.2,27.2,,True,microcrack
crack5418.jpg,ok,182.3,88.0,26.5,,True,structural crack
crack5419.jpg,ok,178.5,105.9,27.9,,True,structural crack
crack5420.jpg,ok,178.3,113.9,31.6,,True,structural crack
crack5421.jpg,flagged,206.3,40.2,23.0,too blurry,True,structural crack
crack5422.jpg,ok,176.9,131.1,29.8,,True,microcrack
crack5423.jpg,ok,170.6,105.0,31.3,,True,structural crack
crack5424.jpg,ok,166.5,129.3,33.8,,True,microcrack
crack5425.jpg,ok,165.5,134.1,30.0,,True,structural crack
crack5426.jpg,ok,165.3,105.7,26.7,,True,structural crack
crack5427.jpg,flagged,207.3,44.6,23.6,too blurry,True,structural crack
crack5537.jpg,ok,171.7,122.6,31.5,,True,microcrack
crack5538.jpg,ok,169.3,121.6,32.5,,True,structural crack
crack5539.jpg,ok,167.4,116.9,40.0,,True,structural crack
crack5540.jpg,ok,173.7,89.9,34.9,,True,structural crack
crack5541.jpg,ok,178.9,118.5,32.9,,True,structural crack
crack5542.jpg,ok,175.8,93.2,33.1,,True,structural crack
crack5543.jpg,flagged,197.2,57.5,28.4,too blurry,True,structural crack
crack5544.jpg,ok,175.7,105.9,31.2,,True,structural crack
crack5545.jpg,ok,173.2,152.0,29.5,,True,structural crack
crack5546.jpg,ok,169.7,145.4,32.4,,True,structural crack
crack5547.jpg,ok,170.0,110.9,31.7,,True,structural crack
crack5548.jpg,ok,170.3,121.1,32.3,,True,structural crack
crack5549.jpg,ok,165.4,112.5,35.9,,True,structural crack
crack6.jpg,flagged,151.4,47.1,13.2,too blurry; low contrast,True,structural crack
crack6493.jpg,flagged,152.7,78.4,14.4,too blurry; low contrast,True,structural crack
crack6494.jpg,flagged,154.0,67.1,13.2,too blurry; low contrast,True,structural crack
crack6495.jpg,flagged,151.0,70.1,15.4,too blurry,True,structural crack
crack6496.jpg,flagged,149.4,47.0,16.7,too blurry,True,structural crack
crack6497.jpg,flagged,146.3,43.7,19.2,too blurry,True,structural crack
crack6498.jpg,flagged,145.9,38.6,18.2,too blurry,True,structural crack
crack6500.jpg,flagged,146.7,45.5,15.6,too blurry,True,structural crack
crack6501.jpg,flagged,146.9,58.1,16.0,too blurry,True,structural crack
crack6502.jpg,flagged,147.5,41.4,12.8,too blurry; low contrast,True,structural crack
crack6503.jpg,flagged,147.7,42.2,13.4,too blurry; low contrast,True,structural crack
crack6504.jpg,flagged,145.4,57.5,12.8,too blurry; low contrast,True,structural crack
crack6505.jpg,flagged,148.0,51.5,13.9,too blurry; low contrast,True,structural crack
crack6506.jpg,flagged,146.8,52.1,6.7,too blurry; low contrast,True,microcrack
crack6507.jpg,flagged,147.3,61.7,6.9,too blurry; low contrast,True,microcrack
crack6508.jpg,flagged,148.3,56.8,6.8,too blurry; low contrast,True,microcrack
crack6509.jpg,flagged,151.1,38.9,6.1,too blurry; low contrast,True,microcrack
crack6510.jpg,flagged,147.7,65.9,6.8,too blurry; low contrast,True,microcrack
crack6511.jpg,flagged,154.8,42.9,6.6,too blurry; low contrast,True,structural crack
crack6513.jpg,flagged,137.2,126.7,14.7,low contrast,True,structural crack
crack6514.jpg,flagged,140.6,78.9,15.1,too blurry,True,structural crack
crack6515.jpg,flagged,142.0,77.6,17.2,too blurry,True,structural crack
crack6516.jpg,flagged,138.6,122.1,14.8,low contrast,True,structural crack
crack6517.jpg,flagged,154.8,53.5,8.6,too blurry; low contrast,True,microcrack
crack6518.jpg,flagged,135.4,85.2,13.4,low contrast,True,structural crack
crack6519.jpg,flagged,141.5,77.1,15.0,too blurry,True,structural crack
crack6520.jpg,flagged,147.3,73.7,14.1,too blurry; low contrast,True,structural crack
crack6521.jpg,flagged,158.0,42.9,19.8,too blurry,True,structural crack
crack6522.jpg,flagged,160.9,40.4,19.3,too blurry,True,structural crack
crack6523.jpg,ok,157.4,95.2,17.4,,True,structural crack
crack6524.jpg,flagged,163.4,28.1,19.3,too blurry,True,structural crack
crack6525.jpg,flagged,167.0,32.2,18.0,too blurry,True,structural crack
crack6526.jpg,flagged,165.2,33.0,18.7,too blurry,True,structural crack
crack6583.jpg,flagged,143.9,41.7,13.7,too blurry; low contrast,True,structural crack
crack6584.jpg,flagged,142.5,48.0,14.4,too blurry; low contrast,True,structural crack
crack6585.jpg,flagged,143.5,58.8,14.5,too blurry; low contrast,True,structural crack
crack6586.jpg,flagged,144.6,50.4,13.4,too blurry; low contrast,True,structural crack
crack6587.jpg,flagged,147.2,51.0,13.3,too blurry; low contrast,True,structural crack
crack6588.jpg,flagged,145.0,40.1,11.9,too blurry; low contrast,True,structural crack
crack6589.jpg,flagged,144.0,72.9,12.5,too blurry; low contrast,True,structural crack
crack6590.jpg,flagged,144.1,50.2,10.4,too blurry; low contrast,True,structural crack
crack6591.jpg,flagged,141.8,55.9,11.4,too blurry; low contrast,True,structural crack
crack6592.jpg,flagged,147.0,72.9,11.0,too blurry; low contrast,True,structural crack
crack6593.jpg,flagged,145.7,49.6,14.9,too blurry; low contrast,True,structural crack
crack6594.jpg,flagged,143.8,48.1,13.8,too blurry; low contrast,True,structural crack
crack6595.jpg,flagged,143.3,41.7,12.3,too blurry; low contrast,True,structural crack
crack6596.jpg,flagged,141.9,38.1,11.9,too blurry; low contrast,True,structural crack
crack6597.jpg,flagged,141.0,40.8,12.9,too blurry; low contrast,True,structural crack
crack6598.jpg,flagged,139.6,59.3,14.6,too blurry; low contrast,True,structural crack
crack6608.jpg,flagged,149.6,53.2,14.7,too blurry; low contrast,True,structural crack
crack6612.jpg,flagged,145.5,60.4,14.1,too blurry; low contrast,True,structural crack
crack6785.jpg,flagged,149.0,78.1,11.0,too blurry; low contrast,True,microcrack
crack6786.jpg,flagged,128.2,67.6,12.6,too blurry; low contrast,True,structural crack
crack6787.jpg,flagged,129.5,77.7,13.7,too blurry; low contrast,True,structural crack
crack6788.jpg,flagged,131.1,95.7,14.1,low contrast,True,structural crack
crack6789.jpg,flagged,135.4,80.4,13.3,low contrast,True,structural crack
crack6790.jpg,flagged,137.4,98.2,14.2,low contrast,True,structural crack
crack6791.jpg,flagged,124.7,119.7,11.7,low contrast,True,structural crack
crack6792.jpg,flagged,138.5,118.6,14.9,low contrast,True,structural crack
crack6793.jpg,ok,148.3,80.4,16.0,,True,structural crack
crack6794.jpg,ok,148.8,87.8,15.0,,True,structural crack
crack6795.jpg,ok,150.6,120.6,16.9,,True,structural crack
crack6796.jpg,ok,150.6,132.1,17.1,,True,structural crack
crack6797.jpg,ok,150.7,139.5,15.6,,True,structural crack
crack6798.jpg,flagged,150.3,156.0,14.8,low contrast,True,structural crack
crack6799.jpg,flagged,127.2,172.4,14.7,low contrast,True,structural crack
crack6800.jpg,flagged,150.5,135.7,14.9,low contrast,True,structural crack
crack6801.jpg,ok,150.1,138.6,16.8,,True,structural crack
crack6802.jpg,ok,149.6,139.4,17.0,,True,structural crack
crack6804.jpg,ok,149.9,173.1,17.9,,True,structural crack
crack6805.jpg,ok,150.7,169.5,16.5,,True,structural crack
crack6806.jpg,ok,149.2,176.3,17.7,,True,structural crack
crack6807.jpg,ok,147.7,116.9,17.6,,True,structural crack
crack6810.jpg,ok,130.5,117.1,17.9,,True,structural crack
crack6811.jpg,ok,135.1,114.1,17.1,,True,structural crack
crack6812.jpg,ok,141.6,100.4,15.9,,True,structural crack
crack6813.jpg,flagged,127.2,110.8,13.2,low contrast,True,structural crack
crack7.jpg,flagged,136.3,66.1,17.0,too blurry,True,structural crack
crack8.jpg,flagged,145.8,64.4,15.7,too blurry,True,structural crack
crack801.jpg,flagged,139.5,46.1,14.3,too blurry; low contrast,True,structural crack
crack802.jpg,flagged,135.2,62.5,15.1,too blurry,True,structural crack
crack803.jpg,flagged,136.7,62.5,16.0,too blurry,True,structural crack
crack804.jpg,flagged,147.0,54.6,14.0,too blurry; low contrast,True,structural crack
crack805.jpg,flagged,146.8,54.3,14.8,too blurry; low contrast,True,structural crack
crack806.jpg,flagged,141.2,53.2,13.7,too blurry; low contrast,True,structural crack
crack8060.jpg,ok,177.3,137.1,39.4,,True,structural crack
crack8061.jpg,ok,171.1,153.1,35.1,,True,structural crack
crack8062.jpg,ok,187.8,140.7,39.1,,True,structural crack
crack8063.jpg,ok,181.3,140.9,39.2,,True,structural crack
crack8064.jpg,ok,184.7,143.1,38.8,,True,structural crack
crack8065.jpg,ok,175.0,111.8,30.6,,True,microcrack
crack8066.jpg,ok,176.0,124.6,28.8,,True,microcrack
crack8067.jpg,ok,173.0,133.2,31.1,,True,structural crack
crack8068.jpg,ok,177.6,150.4,29.9,,True,structural crack
crack8069.jpg,ok,180.4,138.6,28.2,,True,structural crack
crack807.jpg,flagged,138.5,68.1,14.9,too blurry; low contrast,True,structural crack
crack8070.jpg,ok,179.2,131.8,26.1,,True,structural crack
crack8071.jpg,ok,176.9,88.4,21.9,,True,structural crack
crack8072.jpg,ok,177.1,105.8,23.2,,True,structural crack
crack8073.jpg,flagged,190.9,79.3,34.6,too blurry,True,structural crack
crack8074.jpg,ok,188.6,104.1,34.8,,True,structural crack
crack8075.jpg,ok,183.7,121.0,40.6,,True,microcrack
crack8076.jpg,ok,185.7,136.9,39.1,,True,structural crack
crack8077.jpg,ok,182.7,136.4,35.6,,True,structural crack
crack8078.jpg,ok,182.8,179.7,35.9,,True,structural crack
crack8079.jpg,ok,181.1,114.8,36.1,,True,structural crack
crack808.jpg,flagged,137.4,90.6,14.6,low contrast,True,structural crack
crack8080.jpg,ok,178.6,102.9,35.3,,True,structural crack
crack8081.jpg,ok,177.0,98.4,33.3,,True,structural crack
crack8082.jpg,ok,177.7,90.9,32.8,,True,structural crack
crack8083.jpg,flagged,209.4,67.0,29.9,too blurry,True,structural crack
crack8084.jpg,ok,174.7,88.8,33.3,,True,structural crack
crack8085.jpg,ok,177.1,100.5,29.6,,True,structural crack
crack8086.jpg,ok,177.3,97.9,30.3,,True,structural crack
crack8087.jpg,ok,174.8,154.7,31.4,,True,structural crack
crack8088.jpg,ok,182.1,108.1,25.0,,True,structural crack
crack8089.jpg,ok,173.1,96.3,26.3,,True,structural crack
crack809.jpg,flagged,143.4,89.3,14.4,low contrast,True,structural crack
crack810.jpg,flagged,128.4,56.7,14.0,too blurry; low contrast,True,structural crack
crack811.jpg,ok,132.4,86.0,15.2,,True,structural crack
crack812.jpg,flagged,140.2,58.2,14.6,too blurry; low contrast,True,structural crack
crack813.jpg,flagged,146.4,62.6,14.4,too blurry; low contrast,True,structural crack
crack814.jpg,flagged,137.1,52.6,13.8,too blurry; low contrast,True,structural crack
crack815.jpg,flagged,145.7,69.7,14.5,too blurry; low contrast,True,structural crack
crack816.jpg,flagged,132.0,67.6,14.5,too blurry; low contrast,True,structural crack
crack817.jpg,flagged,142.1,45.3,13.6,too blurry; low contrast,True,structural crack
crack818.jpg,flagged,135.1,97.8,14.2,low contrast,True,structural crack
crack8181.jpg,ok,200.1,210.2,25.8,,True,structural crack
crack819.jpg,ok,130.2,98.0,15.3,,True,microcrack
crack820.jpg,flagged,143.7,60.9,14.0,too blurry; low contrast,True,structural crack
crack821.jpg,flagged,128.9,81.1,13.4,low contrast,True,microcrack
crack822.jpg,flagged,128.0,87.4,11.9,low contrast,True,structural crack
crack823.jpg,flagged,125.1,105.1,13.0,low contrast,True,structural crack
crack824.jpg,flagged,127.0,85.4,12.0,low contrast,True,structural crack
crack8269.jpg,flagged,198.1,39.2,24.5,too blurry,True,microcrack
crack8270.jpg,ok,172.3,178.3,29.7,,True,structural crack
crack8271.jpg,ok,170.8,151.6,30.5,,True,structural crack
crack8272.jpg,ok,170.9,153.4,32.0,,True,structural crack
crack8273.jpg,ok,170.4,162.3,29.8,,True,structural crack
crack8274.jpg,ok,171.8,198.1,24.4,,True,structural crack
crack8275.jpg,ok,215.8,130.0,26.4,,True,structural crack
crack8276.jpg,ok,173.0,209.3,25.0,,True,structural crack
crack8277.jpg,ok,175.6,216.7,23.6,,True,structural crack
crack8278.jpg,ok,173.7,162.4,24.0,,True,structural crack
crack8279.jpg,ok,171.4,160.1,24.1,,True,structural crack
crack828.jpg,ok,162.7,131.1,37.7,,True,microcrack
crack8280.jpg,ok,210.5,131.3,27.7,,True,structural crack
crack8281.jpg,ok,202.7,114.4,27.3,,True,structural crack
crack8282.jpg,flagged,214.5,72.8,26.0,too blurry,True,structural crack
crack8283.jpg,ok,196.6,142.2,27.4,,True,structural crack
crack8284.jpg,ok,194.9,166.0,23.7,,True,structural crack
crack8285.jpg,ok,192.4,275.5,26.4,,True,structural crack
crack8286.jpg,ok,185.6,130.5,33.5,,True,structural crack
crack8287.jpg,ok,183.6,123.0,33.2,,True,structural crack
crack8288.jpg,ok,180.2,214.1,32.1,,True,structural crack
crack8289.jpg,ok,179.0,248.0,29.6,,True,structural crack
crack829.jpg,ok,169.3,106.3,25.3,,True,microcrack
crack8290.jpg,ok,178.7,132.8,29.7,,True,microcrack
crack8291.jpg,ok,175.4,117.9,33.7,,True,structural crack
crack830.jpg,ok,161.1,141.1,34.8,,True,microcrack
crack831.jpg,ok,168.7,119.1,23.0,,True,microcrack
crack832.jpg,ok,163.9,140.8,29.4,,True,structural crack
crack833.jpg,ok,165.1,149.2,28.5,,True,structural crack
crack834.jpg,ok,160.6,157.3,35.4,,True,structural crack
crack8406.jpg,ok,170.1,211.3,36.4,,True,structural crack
crack8407.jpg,ok,166.5,203.5,38.1,,True,structural crack
crack8408.jpg,ok,162.0,216.2,37.8,,True,structural crack
crack8409.jpg,ok,160.2,200.4,33.5,,True,structural crack
crack8410.jpg,ok,156.1,176.0,32.5,,True,structural crack
crack8412.jpg,ok,154.5,179.6,33.1,,True,structural crack
crack8413.jpg,ok,153.7,147.7,30.5,,True,structural crack
crack8414.jpg,ok,149.6,98.5,29.5,,True,structural crack
crack8415.jpg,flagged,145.9,78.6,28.7,too blurry,True,structural crack
crack8416.jpg,flagged,147.4,69.4,26.0,too blurry,True,structural crack
crack8417.jpg,ok,204.0,120.9,28.6,,True,structural crack
crack8418.jpg,flagged,143.4,69.0,27.6,too blurry,True,structural crack
crack9.jpg,flagged,156.3,38.6,16.0,too blurry,True,structural crack
damage1.jpg,ok,159.5,672.3,39.5,,True,delamination
damage10.jpg,ok,143.7,2350.7,60.2,,True,rebar corrosion
damage100.jpg,ok,141.9,325.8,42.1,,True,moderate spalling
damage1000.jpg,ok,141.6,425.6,47.2,,True,rebar corrosion
damage1001.jpg,ok,128.7,119.1,46.4,,True,delamination
damage1002.jpg,ok,128.7,119.1,46.4,,True,delamination
damage1003.jpg,ok,128.7,119.1,46.4,,True,delamination
damage1004.jpg,ok,114.6,98.5,62.8,,True,minor spalling
damage1005.jpg,ok,141.6,425.6,47.2,,True,rebar corrosion
damage1006.jpg,ok,114.6,98.4,62.8,,True,minor spalling
damage1007.jpg,ok,114.6,98.5,62.8,,True,minor spalling
damage1008.jpg,ok,141.6,425.6,47.2,,True,rebar corrosion
damage1009.jpg,flagged,172.3,54.6,53.7,too blurry,True,delamination
damage101.jpg,ok,129.2,532.2,38.4,,True,moderate spalling
damage1010.jpg,flagged,172.3,54.6,53.7,too blurry,True,delamination
damage1011.jpg,flagged,172.3,54.6,53.7,too blurry,True,delamination
damage1012.jpg,ok,149.0,155.4,58.3,,True,delamination
damage1013.jpg,ok,161.1,133.4,60.4,,True,rebar corrosion
damage1014.jpg,ok,161.1,133.4,60.4,,True,rebar corrosion
damage1015.jpg,ok,161.1,133.4,60.4,,True,rebar corrosion
damage1016.jpg,ok,140.2,245.9,37.9,,True,concrete crushing
damage1017.jpg,ok,149.0,155.3,58.3,,True,delamination
damage1018.jpg,ok,140.2,245.8,37.9,,True,concrete crushing
damage1019.jpg,ok,140.2,245.9,37.9,,True,concrete crushing
damage102.jpg,ok,129.2,530.8,38.4,,True,moderate spalling
damage1020.jpg,flagged,157.2,15.3,33.9,too blurry,True,rebar corrosion
damage1021.jpg,ok,161.5,1030.3,62.0,,True,rebar corrosion
damage1022.jpg,ok,161.5,1030.5,62.0,,True,rebar corrosion
damage1023.jpg,ok,161.5,1030.3,62.0,,True,rebar corrosion
damage1024.jpg,ok,165.3,361.0,34.6,,True,delamination
damage1025.jpg,ok,165.3,360.9,34.6,,True,delamination
damage1026.jpg,ok,165.3,361.0,34.6,,True,delamination
damage1027.jpg,ok,166.6,983.3,64.8,,True,rebar corrosion
damage1028.jpg,flagged,157.2,15.3,33.9,too blurry,True,rebar corrosion
damage1029.jpg,ok,166.6,983.4,64.8,,True,rebar corrosion
damage103.jpg,ok,129.2,533.6,38.4,,True,moderate spalling
damage1030.jpg,ok,166.6,983.3,64.8,,True,rebar corrosion
damage1031.jpg,ok,136.9,80.3,43.0,,True,structural crack
damage1032.jpg,ok,136.9,80.3,43.0,,True,rebar corrosion
damage1033.jpg,ok,136.9,80.3,43.0,,True,rebar corrosion
damage1034.jpg,flagged,157.2,15.3,33.9,too blurry,True,rebar corrosion
damage1035.jpg,ok,142.2,536.6,40.3,,True,rebar corrosion
damage1036.jpg,ok,160.1,170.6,40.3,,True,delamination
damage1037.jpg,ok,142.1,536.7,40.3,,True,rebar corrosion
damage1038.jpg,ok,142.2,536.6,40.3,,True,rebar corrosion
damage1039.jpg,ok,138.5,89.2,40.9,,True,rebar corrosion
damage104.jpg,ok,140.8,368.4,66.6,,True,moderate spalling
damage1040.jpg,ok,138.5,89.2,40.9,,True,rebar corrosion
damage1041.jpg,ok,192.8,262.0,51.6,,True,concrete crushing
damage1042.jpg,ok,192.7,262.0,51.6,,True,concrete crushing
damage1043.jpg,ok,160.1,170.6,40.3,,True,delamination
damage1044.jpg,flagged,167.4,40.6,64.4,too blurry,True,delamination
damage1045.jpg,flagged,116.4,33.4,49.2,too blurry,True,rebar corrosion
damage1046.jpg,flagged,116.4,33.4,49.2,too blurry,True,rebar corrosion
damage1047.jpg,ok,127.8,263.1,44.5,,True,rebar corrosion
damage1048.jpg,ok,127.8,263.1,44.5,,True,rebar corrosion
damage1049.jpg,ok,127.8,263.1,44.5,,True,rebar corrosion
damage105.jpg,ok,140.8,362.9,66.6,,True,moderate spalling
damage1050.jpg,ok,165.5,1939.9,41.0,,True,delamination
damage1051.jpg,ok,143.6,82.8,26.3,,True,rebar corrosion
damage1052.jpg,ok,143.6,82.8,26.3,,True,rebar corrosion
damage1053.jpg,ok,143.6,82.8,26.3,,True,rebar corrosion
damage1054.jpg,flagged,156.7,43.1,30.6,too blurry,True,rebar corrosion
damage1055.jpg,ok,165.5,1940.0,41.0,,True,delamination
damage1056.jpg,flagged,156.7,43.0,30.6,too blurry,True,rebar corrosion
damage1057.jpg,flagged,156.7,43.1,30.6,too blurry,True,rebar corrosion
damage1058.jpg,ok,148.7,198.3,47.5,,True,delamination
damage1059.jpg,ok,148.7,198.3,47.5,,True,delamination
damage106.jpg,ok,140.8,371.1,66.6,,True,moderate spalling
damage1060.jpg,ok,93.2,386.9,60.5,,True,rebar corrosion
damage1061.jpg,ok,93.2,386.9,60.5,,True,rebar corrosion
damage1062.jpg,ok,93.2,386.9,60.5,,True,rebar corrosion
damage1063.jpg,ok,137.1,162.6,32.7,,True,delamination
damage1064.jpg,ok,139.9,276.2,51.7,,True,delamination
damage1065.jpg,ok,139.9,276.2,51.7,,True,delamination
damage1066.jpg,ok,137.1,162.6,32.7,,True,delamination
damage1067.jpg,ok,165.5,1939.9,41.0,,True,delamination
damage1068.jpg,ok,139.9,276.2,51.7,,True,delamination
damage1069.jpg,ok,134.9,589.3,45.5,,True,rebar corrosion
damage107.jpg,ok,166.3,1315.8,49.2,,True,delamination
damage1070.jpg,ok,134.9,589.3,45.5,,True,rebar corrosion
damage1071.jpg,ok,134.9,589.3,45.5,,True,rebar corrosion
damage1072.jpg,ok,148.6,183.5,47.5,,True,delamination
damage1073.jpg,ok,148.6,183.5,47.5,,True,delamination
damage1074.jpg,ok,148.6,183.5,47.5,,True,delamination
damage1075.jpg,ok,135.9,336.5,44.1,,True,rebar corrosion
damage1076.jpg,ok,146.7,185.6,37.4,,True,rebar corrosion
damage1077.jpg,ok,146.7,185.7,37.4,,True,rebar corrosion
damage1078.jpg,ok,146.7,185.6,37.4,,True,rebar corrosion
damage1079.jpg,flagged,121.2,64.2,69.7,too blurry,True,rebar corrosion
damage108.jpg,ok,166.4,1319.7,49.2,,True,delamination
damage1080.jpg,ok,143.3,245.7,25.5,,True,delamination
damage1081.jpg,ok,143.3,245.7,25.5,,True,delamination
damage1082.jpg,flagged,121.2,64.2,69.7,too blurry,True,rebar corrosion
damage1083.jpg,flagged,121.2,64.2,69.7,too blurry,True,rebar corrosion
damage1084.jpg,ok,120.4,91.0,45.7,,True,delamination
damage1085.jpg,ok,120.4,90.9,45.7,,True,delamination
damage1086.jpg,ok,120.4,91.0,45.7,,True,delamination
damage1087.jpg,ok,133.9,193.0,47.1,,True,structural deformation
damage1088.jpg,ok,139.0,588.2,69.2,,True,rebar corrosion
damage1089.jpg,ok,139.0,588.2,69.2,,True,rebar corrosion
damage109.jpg,ok,166.3,1303.5,49.2,,True,delamination
damage1090.jpg,ok,139.0,588.2,69.2,,True,rebar corrosion
damage1091.jpg,ok,133.4,290.4,46.5,,True,structural deformation
damage1092.jpg,flagged,174.1,68.7,65.1,too blurry,True,rebar corrosion
damage1093.jpg,ok,133.4,290.4,46.5,,True,structural deformation
damage1094.jpg,ok,133.4,290.4,46.5,,True,structural deformation
damage1095.jpg,flagged,145.2,41.2,24.4,too blurry,True,rebar corrosion
damage1096.jpg,flagged,145.2,41.2,24.4,too blurry,True,rebar corrosion
damage1097.jpg,flagged,145.2,41.2,24.4,too blurry,True,rebar corrosion
damage1098.jpg,ok,131.4,245.6,70.8,,True,concrete crushing
damage1099.jpg,ok,110.4,1879.8,43.7,,True,rebar corrosion
damage11.jpg,ok,145.9,175.4,58.2,,True,rebar corrosion
damage110.jpg,ok,110.0,2588.8,42.8,,True,rebar corrosion
damage1100.jpg,ok,130.6,2143.4,47.7,,True,rebar corrosion
damage1101.jpg,ok,134.4,642.1,37.3,,True,structural crack
damage1102.jpg,ok,182.7,157.9,31.8,,True,concrete crushing
damage1103.jpg,ok,142.9,190.8,22.1,,True,moderate spalling
damage1104.jpg,ok,140.2,228.0,38.1,,True,rebar corrosion
damage1105.jpg,ok,163.9,168.9,35.6,,True,rebar corrosion
damage1106.jpg,ok,145.1,352.4,40.3,,True,rebar corrosion
damage1107.jpg,ok,143.4,834.7,36.5,,True,rebar corrosion
damage1108.jpg,ok,142.4,812.9,39.8,,True,rebar corrosion
damage1109.jpg,ok,161.1,1170.1,24.0,,True,moderate spalling
damage111.jpg,ok,110.0,2639.3,42.8,,True,rebar corrosion
damage1110.jpg,flagged,102.8,51.3,32.2,too blurry,True,rebar corrosion
damage1111.jpg,ok,126.3,265.4,32.7,,True,concrete crushing
damage1112.jpg,ok,125.9,586.2,47.9,,True,concrete crushing
damage1113.jpg,ok,152.6,813.7,45.3,,True,concrete crushing
damage1114.jpg,ok,112.3,98.3,25.8,,True,rebar corrosion
damage1115.jpg,ok,124.1,305.7,32.8,,True,concrete crushing
damage1116.jpg,flagged,111.0,59.4,28.6,too blurry,True,microcrack
damage1117.jpg,flagged,110.2,58.5,28.1,too blurry,True,microcrack
damage1118.jpg,ok,167.7,136.7,18.7,,True,structural crack
damage1119.jpg,ok,89.7,214.3,28.2,,True,rebar corrosion
damage112.jpg,ok,110.1,2615.1,42.9,,True,rebar corrosion
damage1120.jpg,ok,88.7,249.3,33.0,,True,rebar corrosion
damage113.jpg,ok,129.1,497.1,70.0,,True,rebar corrosion
damage114.jpg,ok,129.1,501.1,70.0,,True,delamination
damage115.jpg,ok,129.1,494.2,70.0,,True,delamination
damage116.jpg,ok,135.6,1279.7,41.1,,True,rebar corrosion
damage117.jpg,ok,135.6,1283.2,41.1,,True,rebar corrosion
damage118.jpg,ok,135.6,1274.8,41.1,,True,rebar corrosion
damage119.jpg,ok,145.2,268.5,23.1,,True,moderate spalling
damage12.jpg,flagged,99.1,41.7,35.8,too blurry,True,rebar corrosion
damage120.jpg,ok,145.3,258.9,23.1,,True,moderate spalling
damage121.jpg,ok,145.2,261.7,23.1,,True,moderate spalling
damage122.jpg,ok,133.1,656.0,37.4,,True,rebar corrosion
damage123.jpg,ok,133.1,665.0,37.4,,True,rebar corrosion
damage124.jpg,ok,133.1,660.1,37.4,,True,rebar corrosion
damage125.jpg,ok,130.9,240.0,32.4,,True,rebar corrosion
damage126.jpg,ok,130.9,239.0,32.4,,True,rebar corrosion
damage127.jpg,ok,130.8,241.3,32.4,,True,rebar corrosion
damage128.jpg,ok,155.8,2795.3,60.7,,True,rebar corrosion
damage129.jpg,ok,155.8,2806.1,60.7,,True,rebar corrosion
damage13.jpg,ok,143.2,418.6,71.9,,True,rebar corrosion
damage130.jpg,ok,85.9,153.6,29.3,,True,rebar corrosion
damage131.jpg,ok,85.9,154.2,29.3,,True,rebar corrosion
damage132.jpg,ok,85.9,150.8,29.3,,True,rebar corrosion
damage133.jpg,ok,165.1,1304.7,34.7,,True,delamination
damage134.jpg,ok,165.1,1301.7,34.6,,True,delamination
damage135.jpg,ok,165.2,1320.1,34.7,,True,delamination
damage136.jpg,ok,150.0,944.5,43.3,,True,delamination
damage137.jpg,ok,150.0,952.2,43.3,,True,delamination
damage138.jpg,ok,150.0,938.8,43.3,,True,delamination
damage139.jpg,ok,124.5,405.8,62.3,,True,delamination
damage14.jpg,ok,142.1,432.8,67.8,,True,rebar corrosion
damage140.jpg,ok,124.5,405.3,62.3,,True,delamination
damage141.jpg,ok,124.6,408.1,62.3,,True,delamination
damage142.jpg,ok,139.8,1779.9,44.7,,True,rebar corrosion
damage143.jpg,ok,139.8,1780.2,44.7,,True,rebar corrosion
damage144.jpg,ok,139.7,1766.7,44.7,,True,rebar corrosion
damage145.jpg,ok,134.9,381.8,47.8,,True,delamination
damage146.jpg,ok,87.4,548.5,18.5,,True,delamination
damage147.jpg,ok,87.4,550.1,18.6,,True,delamination
damage148.jpg,ok,87.4,547.1,18.5,,True,delamination
damage149.jpg,ok,162.3,1181.0,37.1,,True,delamination
damage15.jpg,ok,140.1,783.1,52.0,,True,rebar corrosion
damage150.jpg,ok,162.3,1184.9,37.1,,True,delamination
damage151.jpg,ok,162.3,1190.2,37.1,,True,delamination
damage152.jpg,ok,137.6,406.6,54.4,,True,rebar corrosion
damage153.jpg,ok,137.6,404.8,54.4,,True,rebar corrosion
damage154.jpg,ok,137.6,402.6,54.4,,True,rebar corrosion
damage155.jpg,ok,114.1,282.1,62.6,,True,minor spalling
damage156.jpg,ok,114.2,284.7,62.6,,True,minor spalling
damage157.jpg,ok,114.2,291.1,62.6,,True,minor spalling
damage158.jpg,ok,170.0,469.5,37.0,,True,rebar corrosion
damage159.jpg,ok,170.0,464.4,37.0,,True,rebar corrosion
damage16.jpg,ok,143.0,827.7,35.2,,True,rebar corrosion
damage160.jpg,ok,170.0,464.7,37.0,,True,rebar corrosion
damage161.jpg,ok,113.9,629.8,34.9,,True,rebar corrosion
damage162.jpg,ok,113.8,592.9,34.9,,True,rebar corrosion
damage163.jpg,ok,114.0,627.3,34.9,,True,rebar corrosion
damage164.jpg,ok,134.3,1578.2,76.7,,True,delamination
damage165.jpg,ok,134.4,1579.6,76.7,,True,delamination
damage166.jpg,ok,134.3,1565.1,76.7,,True,delamination
damage167.jpg,flagged,172.5,66.4,31.2,too blurry,True,rebar corrosion
damage168.jpg,flagged,172.5,65.7,31.2,too blurry,True,rebar corrosion
damage169.jpg,flagged,172.5,65.9,31.2,too blurry,True,rebar corrosion
damage17.jpg,ok,136.2,856.2,41.4,,True,rebar corrosion
damage170.jpg,ok,188.9,204.7,37.5,,True,rebar corrosion
damage171.jpg,ok,188.9,203.0,37.5,,True,rebar corrosion
damage172.jpg,ok,188.9,203.9,37.5,,True,rebar corrosion
damage173.jpg,ok,180.6,572.6,38.9,,True,microcrack
damage174.jpg,ok,180.6,571.3,38.9,,True,microcrack
damage175.jpg,ok,180.6,571.0,38.9,,True,microcrack
damage176.jpg,ok,171.9,563.2,53.4,,True,delamination
damage177.jpg,ok,148.8,491.5,28.5,,True,moderate spalling
damage178.jpg,ok,148.8,490.5,28.5,,True,moderate spalling
damage179.jpg,ok,148.7,489.3,28.5,,True,moderate spalling
damage18.jpg,ok,152.3,331.3,37.3,,True,rebar corrosion
damage180.jpg,ok,156.3,375.4,30.1,,True,rebar corrosion
damage181.jpg,ok,120.6,498.3,69.4,,True,rebar corrosion
damage182.jpg,ok,120.6,490.5,69.4,,True,rebar corrosion
damage183.jpg,ok,156.9,100.8,33.8,,True,minor spalling
damage184.jpg,ok,156.9,101.6,33.8,,True,minor spalling
damage185.jpg,ok,156.8,101.3,33.8,,True,minor spalling
damage186.jpg,ok,166.1,3922.1,62.6,,True,rebar corrosion
damage187.jpg,ok,166.1,3922.4,62.7,,True,rebar corrosion
damage188.jpg,ok,166.1,3871.7,62.6,,True,rebar corrosion
damage189.jpg,ok,71.2,244.1,50.7,,True,structural deformation
damage19.jpg,ok,115.9,284.1,48.9,,True,rebar corrosion
damage190.jpg,ok,71.3,243.0,50.7,,True,structural deformation
damage191.jpg,ok,71.3,238.8,50.7,,True,structural deformation
damage192.jpg,ok,152.5,274.3,51.1,,True,structural deformation
damage193.jpg,ok,152.5,274.2,51.1,,True,structural deformation
damage194.jpg,ok,152.5,271.4,51.1,,True,structural deformation
damage195.jpg,ok,131.6,528.2,44.1,,True,delamination
damage196.jpg,ok,131.6,529.4,44.1,,True,delamination
damage197.jpg,ok,131.5,527.3,44.1,,True,delamination
damage198.jpg,ok,114.3,286.8,62.6,,True,minor spalling
damage199.jpg,ok,114.3,289.1,62.6,,True,minor spalling
damage2.jpg,ok,169.1,80.1,33.8,,True,delamination
damage20.jpg,ok,115.9,286.0,48.9,,True,rebar corrosion
damage200.jpg,flagged,172.5,61.8,31.2,too blurry,True,rebar corrosion
damage201.jpg,flagged,172.5,63.4,31.2,too blurry,True,rebar corrosion
damage202.jpg,flagged,172.5,62.9,31.2,too blurry,True,rebar corrosion
damage203.jpg,ok,180.7,574.9,38.9,,True,microcrack
damage204.jpg,ok,180.7,572.3,38.9,,True,microcrack
damage205.jpg,ok,180.7,574.8,38.9,,True,microcrack
damage206.jpg,ok,156.7,99.9,33.8,,True,minor spalling
damage207.jpg,ok,156.8,103.5,33.8,,True,minor spalling
damage208.jpg,ok,156.7,101.0,33.8,,True,minor spalling
damage209.jpg,ok,166.9,515.2,64.1,,True,delamination
damage21.jpg,ok,115.9,282.8,48.9,,True,rebar corrosion
damage210.jpg,ok,166.9,514.2,64.1,,True,delamination
damage211.jpg,ok,166.9,515.1,64.1,,True,delamination
damage212.jpg,ok,156.3,375.4,30.1,,True,rebar corrosion
damage213.jpg,ok,156.3,379.6,30.1,,True,rebar corrosion
damage214.jpg,ok,156.3,376.9,30.1,,True,rebar corrosion
damage215.jpg,ok,92.6,564.5,59.9,,True,rebar corrosion
damage216.jpg,ok,92.6,570.2,59.9,,True,rebar corrosion
damage217.jpg,ok,92.6,568.1,59.9,,True,rebar corrosion
damage218.jpg,ok,148.0,672.1,46.8,,True,delamination
damage219.jpg,ok,148.0,676.7,46.8,,True,delamination
damage22.jpg,ok,141.6,175.6,25.8,,True,delamination
damage220.jpg,ok,148.0,675.9,46.8,,True,delamination
damage221.jpg,ok,122.6,287.7,62.6,,True,concrete crushing
damage222.jpg,ok,122.6,297.8,62.6,,True,concrete crushing
damage223.jpg,ok,120.6,490.3,69.4,,True,rebar corrosion
damage224.jpg,ok,120.6,490.5,69.4,,True,rebar corrosion
damage225.jpg,ok,138.5,1069.6,68.5,,True,rebar corrosion
damage226.jpg,ok,138.6,1090.3,68.5,,True,rebar corrosion
damage227.jpg,ok,138.5,1090.2,68.5,,True,rebar corrosion
damage228.jpg,ok,132.7,744.3,45.7,,True,structural crack
damage229.jpg,ok,132.7,735.8,45.7,,True,structural deformation
damage23.jpg,ok,127.0,420.5,43.8,,True,rebar corrosion
damage230.jpg,ok,132.7,736.8,45.7,,True,structural deformation
damage231.jpg,ok,128.1,825.8,45.8,,True,delamination
damage232.jpg,ok,128.1,824.9,45.8,,True,delamination
damage233.jpg,ok,128.1,839.0,45.8,,True,delamination
damage234.jpg,ok,114.3,283.6,62.6,,True,minor spalling
damage235.jpg,ok,114.3,286.8,62.6,,True,minor spalling
damage236.jpg,ok,171.9,556.8,53.4,,True,delamination
damage237.jpg,ok,171.9,563.2,53.4,,True,delamination
damage238.jpg,ok,171.9,561.7,53.4,,True,delamination
damage239.jpg,ok,112.8,246.5,39.4,,True,delamination
damage24.jpg,ok,143.0,810.6,25.4,,True,rebar corrosion
damage240.jpg,ok,112.8,247.0,39.4,,True,delamination
damage241.jpg,ok,112.9,255.2,39.4,,True,delamination
damage242.jpg,ok,135.0,285.5,57.7,,True,rebar corrosion
damage243.jpg,ok,135.0,286.0,57.7,,True,rebar corrosion
damage244.jpg,ok,135.0,290.9,57.7,,True,rebar corrosion
damage245.jpg,ok,164.6,728.2,33.6,,True,moderate spalling
damage246.jpg,ok,164.6,744.7,33.6,,True,moderate spalling
damage247.jpg,ok,164.6,725.5,33.6,,True,moderate spalling
damage248.jpg,ok,166.1,3869.2,62.7,,True,rebar corrosion
damage249.jpg,ok,166.1,3855.3,62.6,,True,rebar corrosion
damage25.jpg,ok,143.0,812.9,25.4,,True,rebar corrosion
damage250.jpg,ok,136.3,293.4,42.7,,True,rebar corrosion
damage251.jpg,ok,136.2,288.5,42.7,,True,rebar corrosion
damage252.jpg,ok,136.3,301.7,42.7,,True,rebar corrosion
damage253.jpg,ok,146.0,125.9,44.6,,True,moderate spalling
damage254.jpg,ok,157.0,206.0,48.9,,True,moderate spalling
damage255.jpg,ok,140.3,131.9,36.0,,True,moderate spalling
damage256.jpg,ok,155.4,393.5,33.4,,True,rebar corrosion
damage257.jpg,ok,138.1,1043.1,53.8,,True,delamination
damage258.jpg,ok,145.2,303.9,31.2,,True,structural crack
damage259.jpg,ok,151.0,103.6,24.9,,True,structural crack
damage26.jpg,ok,143.0,812.0,25.4,,True,rebar corrosion
damage260.jpg,flagged,142.3,51.6,42.2,too blurry,True,structural crack
damage261.jpg,ok,143.0,524.1,24.4,,True,rebar corrosion
damage262.jpg,ok,141.3,3236.9,55.6,,True,rebar corrosion
damage263.jpg,flagged,105.4,78.8,21.8,too blurry,True,moderate spalling
damage264.jpg,flagged,149.1,37.0,12.4,too blurry; low contrast,True,moderate spalling
damage265.jpg,ok,142.9,968.8,45.1,,True,moderate spalling
damage266.jpg,ok,108.6,369.8,38.5,,True,structural crack
damage267.jpg,ok,86.7,170.8,43.0,,True,structural crack
damage268.jpg,ok,152.8,3838.2,37.8,,True,structural crack
damage269.jpg,ok,159.8,209.2,17.3,,True,microcrack
damage27.jpg,ok,148.0,671.6,46.8,,True,delamination
damage270.jpg,ok,181.2,972.1,43.3,,True,microcrack
damage271.jpg,ok,130.5,986.4,60.8,,True,rebar corrosion
damage272.jpg,ok,146.3,146.6,26.7,,True,structural crack
damage273.jpg,ok,160.2,137.7,24.4,,True,microcrack
damage274.jpg,flagged,146.1,165.5,8.2,low contrast,True,microcrack
damage275.jpg,ok,152.2,98.7,26.0,,True,microcrack
damage276.jpg,ok,183.6,1569.6,26.3,,True,microcrack
damage277.jpg,ok,110.1,2361.9,44.1,,True,rebar corrosion
damage278.jpg,ok,187.7,147.7,26.2,,True,delamination
damage279.jpg,ok,182.6,248.3,62.4,,True,delamination
damage28.jpg,ok,148.0,672.2,46.8,,True,delamination
damage280.jpg,ok,103.2,117.3,41.3,,True,structural crack
damage281.jpg,ok,156.8,174.7,43.3,,True,minor spalling
damage282.jpg,ok,183.1,7158.9,34.5,,True,structural crack
damage283.jpg,ok,135.5,355.8,25.7,,True,moderate spalling
damage284.jpg,ok,135.5,355.8,25.7,,True,moderate spalling
damage285.jpg,ok,135.5,355.8,25.7,,True,moderate spalling
damage286.jpg,ok,148.2,219.4,44.2,,True,structural crack
damage287.jpg,ok,148.2,219.4,44.2,,True,structural crack
damage288.jpg,ok,148.2,219.4,44.2,,True,structural crack
damage289.jpg,ok,172.8,4148.0,31.6,,True,structural crack
damage29.jpg,ok,148.0,670.6,46.8,,True,delamination
damage290.jpg,flagged,132.5,77.7,13.0,too blurry; low contrast,True,microcrack
damage291.jpg,ok,140.6,819.4,57.1,,True,rebar corrosion
damage292.jpg,ok,144.9,1073.1,35.8,,True,rebar corrosion
damage293.jpg,ok,153.4,217.8,34.7,,True,moderate spalling
damage294.jpg,ok,136.3,198.2,42.8,,True,rebar corrosion
damage295.jpg,ok,155.6,169.0,38.4,,True,moderate spalling
damage296.jpg,ok,192.6,516.9,48.5,,True,rebar corrosion
damage297.jpg,ok,162.7,685.1,25.8,,True,moderate spalling
damage298.jpg,ok,165.7,372.4,23.4,,True,rebar corrosion
damage299.jpg,ok,190.5,1593.6,20.8,,True,structural crack
damage3.jpg,ok,159.5,674.4,39.5,,True,delamination
damage30.jpg,ok,125.3,323.0,62.1,,True,rebar corrosion
damage300.jpg,ok,173.7,1326.9,22.7,,True,structural crack
damage301.jpg,flagged,158.2,68.4,6.1,too blurry; low contrast,True,structural crack
damage302.jpg,flagged,126.8,35.1,36.4,too blurry,True,structural crack
damage303.jpg,ok,153.1,86.2,47.7,,True,structural crack
damage304.jpg,flagged,167.0,42.5,30.7,too blurry,True,structural crack
damage305.jpg,flagged,150.5,38.3,13.7,too blurry; low contrast,True,structural crack
damage306.jpg,flagged,227.3,508.9,25.2,too bright,True,microcrack
damage307.jpg,ok,173.1,191.1,15.2,,True,structural crack
damage308.jpg,flagged,223.0,496.9,18.3,too bright,True,structural crack
damage309.jpg,ok,206.9,342.1,15.8,,True,microcrack
damage31.jpg,ok,125.3,320.9,62.1,,True,rebar corrosion
damage310.jpg,ok,148.9,364.1,24.5,,True,structural crack
damage311.jpg,ok,116.3,85.3,22.4,,True,structural crack
damage312.jpg,flagged,142.1,16.2,30.8,too blurry,True,microcrack
damage313.jpg,ok,187.6,381.1,26.0,,True,structural crack
damage314.jpg,ok,180.0,1906.7,27.3,,True,structural crack
damage315.jpg,ok,182.3,292.3,35.2,,True,moderate spalling
damage316.jpg,ok,216.5,872.5,24.4,,True,structural crack
damage317.jpg,flagged,191.3,55.5,17.4,too blurry,True,structural crack
damage318.jpg,ok,162.7,185.4,17.9,,True,microcrack
damage319.jpg,ok,211.6,322.5,19.6,,True,structural crack
damage32.jpg,ok,146.1,1096.4,36.3,,True,rebar corrosion
damage320.jpg,ok,165.3,391.4,18.5,,True,structural crack
damage321.jpg,ok,126.9,324.8,27.8,,True,microcrack
damage322.jpg,flagged,131.9,78.2,16.6,too blurry,True,structural crack
damage323.jpg,flagged,153.2,34.9,15.7,too blurry,True,microcrack
damage324.jpg,flagged,149.3,40.4,15.1,too blurry,True,structural crack
damage325.jpg,ok,203.7,1358.5,35.2,,True,structural crack
damage326.jpg,ok,206.6,160.0,31.9,,True,microcrack
damage327.jpg,ok,175.1,2149.6,29.7,,True,structural crack
damage328.jpg,ok,216.7,1002.9,19.7,,True,structural crack
damage329.jpg,ok,202.1,1236.5,34.2,,True,structural crack
damage33.jpg,ok,146.1,1108.0,36.4,,True,rebar corrosion
damage330.jpg,ok,211.9,608.2,22.2,,True,structural crack
damage331.jpg,ok,173.0,336.0,45.8,,True,structural crack
damage332.jpg,ok,107.9,701.6,33.8,,True,microcrack
damage333.jpg,ok,151.2,392.4,30.3,,True,structural crack
damage334.jpg,ok,147.6,260.4,31.8,,True,structural crack
damage335.jpg,flagged,185.6,39.5,21.1,too blurry,True,structural crack
damage336.jpg,ok,174.3,1682.6,30.0,,True,structural crack
damage337.jpg,ok,182.5,717.4,50.1,,True,structural crack
damage338.jpg,ok,166.8,6652.8,47.7,,True,structural crack
damage339.jpg,ok,144.5,574.5,33.2,,True,structural crack
damage34.jpg,ok,146.1,1108.2,36.3,,True,rebar corrosion
damage340.jpg,ok,164.7,755.9,25.1,,True,structural crack
damage341.jpg,ok,182.3,4982.0,26.5,,True,microcrack
damage342.jpg,flagged,198.7,401.2,12.0,low contrast,True,structural crack
damage343.jpg,flagged,149.0,25.9,14.2,too blurry; low contrast,True,microcrack
damage344.jpg,ok,141.7,7915.4,40.9,,True,structural crack
damage345.jpg,ok,152.1,631.2,37.4,,True,structural crack
damage346.jpg,ok,101.4,3936.0,76.2,,True,structural crack
damage347.jpg,ok,201.4,611.1,37.0,,True,structural crack
damage348.jpg,ok,183.1,1224.1,21.8,,True,structural crack
damage349.jpg,ok,107.9,700.0,33.9,,True,microcrack
damage35.jpg,ok,120.1,324.4,45.3,,True,delamination
damage350.jpg,ok,183.6,2444.0,43.2,,True,structural crack
damage351.jpg,ok,204.9,658.6,21.1,,True,structural crack
damage352.jpg,ok,149.0,108.5,22.4,,True,structural crack
damage353.jpg,ok,149.1,885.5,40.7,,True,structural crack
damage354.jpg,flagged,232.2,206.5,20.2,too bright,True,structural crack
damage355.jpg,ok,204.1,2071.4,35.7,,True,structural crack
damage356.jpg,flagged,139.7,55.9,10.9,too blurry; low contrast,True,structural crack
damage357.jpg,ok,192.5,194.0,16.8,,True,microcrack
damage358.jpg,ok,188.0,284.5,30.9,,True,structural crack
damage359.jpg,ok,175.0,162.6,27.9,,True,structural crack
damage36.jpg,ok,120.0,317.6,45.3,,True,delamination
damage360.jpg,flagged,158.1,38.7,26.3,too blurry,True,microcrack
damage361.jpg,ok,137.1,452.9,49.7,,True,delamination
damage362.jpg,ok,146.8,588.2,39.2,,True,rebar corrosion
damage363.jpg,ok,151.7,621.4,39.4,,True,rebar corrosion
damage364.jpg,flagged,140.0,68.1,24.8,too blurry,True,rebar corrosion
damage365.jpg,flagged,141.3,41.8,36.3,too blurry,True,moderate spalling
damage366.jpg,ok,88.9,481.1,62.8,,True,structural deformation
damage367.jpg,flagged,118.4,42.3,71.5,too blurry,True,structural deformation
damage368.jpg,ok,182.6,335.1,63.6,,True,rebar corrosion
damage369.jpg,ok,163.3,996.5,68.4,,True,concrete crushing
damage37.jpg,ok,144.6,297.0,23.9,,True,rebar corrosion
damage370.jpg,ok,104.6,172.5,36.5,,True,concrete crushing
damage371.jpg,ok,119.4,162.1,38.9,,True,structural crack
damage372.jpg,flagged,158.4,91.4,6.3,low contrast,True,microcrack
damage373.jpg,ok,148.9,445.5,39.5,,True,rebar corrosion
damage374.jpg,ok,160.1,170.6,40.3,,True,rebar corrosion
damage375.jpg,ok,139.3,413.0,53.0,,True,delamination
damage376.jpg,ok,139.9,101.5,53.4,,True,structural crack
damage377.jpg,ok,139.9,101.5,53.4,,True,structural crack
damage378.jpg,ok,139.3,415.7,53.0,,True,structural crack
damage379.jpg,ok,135.7,146.8,47.5,,True,delamination
damage38.jpg,ok,144.6,294.3,23.9,,True,rebar corrosion
damage380.jpg,ok,150.2,183.4,25.2,,True,delamination
damage381.jpg,ok,149.3,428.1,28.5,,True,rebar corrosion
damage382.jpg,ok,149.3,428.1,28.5,,True,rebar corrosion
damage383.jpg,ok,160.5,810.3,55.2,,True,rebar corrosion
damage384.jpg,ok,160.5,810.4,55.2,,True,rebar corrosion
damage385.jpg,ok,159.8,1234.5,54.3,,True,rebar corrosion
damage386.jpg,ok,160.5,810.3,55.2,,True,rebar corrosion
damage387.jpg,ok,131.6,135.3,51.5,,True,rebar corrosion
damage388.jpg,ok,132.2,111.9,51.7,,True,rebar corrosion
damage389.jpg,ok,121.2,162.8,67.5,,True,rebar corrosion
damage39.jpg,ok,144.6,297.3,23.9,,True,rebar corrosion
damage390.jpg,flagged,126.0,71.3,64.3,too blurry,True,microcrack
damage391.jpg,ok,132.5,441.3,53.7,,True,delamination
damage392.jpg,ok,133.1,153.9,54.1,,True,delamination
damage393.jpg,ok,132.5,192.1,53.9,,True,delamination
damage394.jpg,flagged,147.8,73.9,60.3,too blurry,True,microcrack
damage395.jpg,flagged,147.3,76.9,60.3,too blurry,True,microcrack
damage396.jpg,ok,123.3,294.8,66.6,,True,structural deformation
damage397.jpg,ok,122.8,310.0,66.4,,True,structural deformation
damage398.jpg,ok,123.3,294.8,66.6,,True,structural deformation
damage399.jpg,ok,140.9,91.0,45.5,,True,rebar corrosion
damage4.jpg,ok,150.3,116.7,38.2,,True,rebar corrosion
damage40.jpg,ok,120.7,480.6,69.4,,True,rebar corrosion
damage400.jpg,ok,140.9,91.0,45.5,,True,rebar corrosion
damage401.jpg,ok,152.9,540.3,54.1,,True,delamination
damage402.jpg,ok,142.5,142.5,42.5,,True,rebar corrosion
damage403.jpg,ok,141.9,132.6,42.4,,True,rebar corrosion
damage404.jpg,ok,141.8,217.5,42.2,,True,rebar corrosion
damage405.jpg,ok,142.5,142.5,42.5,,True,rebar corrosion
damage406.jpg,ok,129.9,240.6,39.2,,True,rebar corrosion
damage407.jpg,ok,129.2,363.6,38.6,,True,rebar corrosion
damage408.jpg,ok,129.3,218.3,38.8,,True,rebar corrosion
damage409.jpg,ok,129.3,218.3,38.8,,True,rebar corrosion
damage41.jpg,ok,120.6,479.8,69.4,,True,rebar corrosion
damage410.jpg,ok,129.9,240.6,39.2,,True,rebar corrosion
damage411.jpg,ok,129.2,363.9,38.6,,True,rebar corrosion
damage412.jpg,ok,140.7,230.7,66.5,,True,delamination
damage413.jpg,ok,141.2,136.0,66.8,,True,delamination
damage414.jpg,ok,140.7,230.1,66.5,,True,delamination
damage415.jpg,ok,140.8,132.3,66.8,,True,delamination
damage416.jpg,ok,141.2,136.0,66.8,,True,delamination
damage417.jpg,ok,166.8,244.9,50.2,,True,rebar corrosion
damage418.jpg,ok,166.3,669.0,49.7,,True,rebar corrosion
damage419.jpg,ok,110.1,2020.4,44.0,,True,rebar corrosion
damage42.jpg,ok,126.3,1414.7,47.8,,True,rebar corrosion
damage420.jpg,ok,110.7,1687.0,45.9,,True,rebar corrosion
damage421.jpg,ok,110.2,1252.8,44.5,,True,rebar corrosion
damage422.jpg,ok,110.1,2018.2,44.0,,True,rebar corrosion
damage423.jpg,ok,110.7,1686.9,45.9,,True,rebar corrosion
damage424.jpg,flagged,129.2,62.1,70.2,too blurry,True,rebar corrosion
damage425.jpg,flagged,129.7,38.9,70.3,too blurry,True,rebar corrosion
damage426.jpg,ok,132.2,415.7,48.1,,True,rebar corrosion
damage427.jpg,ok,132.2,415.7,48.1,,True,rebar corrosion
damage428.jpg,ok,132.3,157.6,48.3,,True,rebar corrosion
damage429.jpg,ok,145.2,96.2,23.2,,True,rebar corrosion
damage43.jpg,flagged,145.1,72.7,36.9,too blurry,True,delamination
damage430.jpg,ok,145.2,92.2,23.3,,True,rebar corrosion
damage431.jpg,flagged,145.7,33.8,23.5,too blurry,True,rebar corrosion
damage432.jpg,ok,145.2,93.7,23.2,,True,rebar corrosion
damage433.jpg,ok,145.2,92.2,23.3,,True,rebar corrosion
damage434.jpg,flagged,145.7,33.8,23.5,too blurry,True,rebar corrosion
damage435.jpg,ok,130.8,85.3,32.5,,True,rebar corrosion
damage436.jpg,flagged,130.9,32.7,32.6,too blurry,True,rebar corrosion
damage437.jpg,flagged,131.4,21.0,32.7,too blurry,True,rebar corrosion
damage438.jpg,flagged,131.4,21.0,32.7,too blurry,True,rebar corrosion
damage439.jpg,flagged,130.9,32.7,32.6,too blurry,True,rebar corrosion
damage44.jpg,flagged,145.2,72.9,36.9,too blurry,True,delamination
damage440.jpg,flagged,131.4,21.0,32.7,too blurry,True,rebar corrosion
damage441.jpg,ok,130.8,85.3,32.5,,True,rebar corrosion
damage442.jpg,ok,108.3,336.6,41.9,,True,rebar corrosion
damage443.jpg,ok,108.9,117.7,42.3,,True,rebar corrosion
damage444.jpg,ok,157.7,328.8,30.3,,True,structural crack
damage445.jpg,ok,108.9,117.8,42.3,,True,rebar corrosion
damage446.jpg,ok,140.1,867.4,63.2,,True,rebar corrosion
damage447.jpg,ok,156.4,1074.0,62.7,,True,rebar corrosion
damage448.jpg,ok,155.8,1758.3,61.4,,True,rebar corrosion
damage449.jpg,ok,156.4,1074.2,62.7,,True,rebar corrosion
damage45.jpg,flagged,145.2,73.4,36.9,too blurry,True,delamination
damage450.jpg,ok,155.8,1754.7,61.4,,True,rebar corrosion
damage451.jpg,ok,156.4,1074.0,62.7,,True,rebar corrosion
damage452.jpg,ok,134.9,122.0,77.4,,True,rebar corrosion
damage453.jpg,ok,134.4,558.2,76.9,,True,rebar corrosion
damage454.jpg,ok,150.9,1395.0,43.5,,True,rebar corrosion
damage455.jpg,ok,158.7,143.9,32.5,,True,structural crack
damage456.jpg,ok,158.8,428.2,33.0,,True,structural crack
damage457.jpg,ok,135.5,5056.0,56.2,,True,rebar corrosion
damage458.jpg,ok,135.5,5056.0,56.2,,True,rebar corrosion
damage459.jpg,ok,129.2,202.9,70.2,,True,rebar corrosion
damage46.jpg,ok,126.3,591.8,64.0,,True,rebar corrosion
damage460.jpg,ok,129.2,202.8,70.2,,True,rebar corrosion
damage461.jpg,ok,160.6,241.9,45.5,,True,rebar corrosion
damage462.jpg,ok,165.7,202.3,35.7,,True,rebar corrosion
damage463.jpg,ok,165.1,615.1,35.0,,True,rebar corrosion
damage464.jpg,ok,165.7,202.3,35.7,,True,rebar corrosion
damage465.jpg,ok,165.1,615.1,35.0,,True,rebar corrosion
damage466.jpg,ok,130.9,534.3,70.4,,True,rebar corrosion
damage467.jpg,ok,150.0,804.7,43.8,,True,microcrack
damage468.jpg,ok,150.7,787.2,44.9,,True,microcrack
damage469.jpg,ok,150.0,805.2,43.8,,True,microcrack
damage47.jpg,ok,126.3,594.2,64.0,,True,rebar corrosion
damage470.jpg,ok,150.7,787.2,44.9,,True,microcrack
damage471.jpg,ok,150.7,787.2,44.9,,True,microcrack
damage472.jpg,flagged,125.0,67.2,62.6,too blurry,True,rebar corrosion
damage473.jpg,ok,124.5,205.0,62.5,,True,rebar corrosion
damage474.jpg,flagged,125.0,67.1,62.6,too blurry,True,rebar corrosion
damage475.jpg,ok,139.9,1286.0,45.4,,True,rebar corrosion
damage476.jpg,ok,129.6,1085.3,38.7,,True,rebar corrosion
damage477.jpg,ok,129.5,1060.1,38.7,,True,rebar corrosion
damage478.jpg,ok,87.7,411.5,20.5,,True,delamination
damage479.jpg,ok,162.6,368.7,38.5,,True,delamination
damage48.jpg,ok,126.3,605.1,64.0,,True,rebar corrosion
damage480.jpg,ok,162.3,704.1,37.6,,True,delamination
damage481.jpg,ok,138.2,194.6,54.8,,True,rebar corrosion
damage482.jpg,ok,137.6,264.3,54.5,,True,rebar corrosion
damage483.jpg,ok,137.8,413.0,54.7,,True,rebar corrosion
damage484.jpg,ok,137.7,161.3,54.7,,True,rebar corrosion
damage485.jpg,ok,147.8,440.1,34.6,,True,structural crack
damage486.jpg,ok,147.6,193.8,34.1,,True,structural crack
damage487.jpg,ok,147.6,157.7,34.1,,True,structural crack
damage488.jpg,ok,138.2,194.6,54.8,,True,rebar corrosion
damage489.jpg,ok,138.2,194.6,54.8,,True,rebar corrosion
damage49.jpg,ok,164.9,871.6,23.5,,True,rebar corrosion
damage490.jpg,ok,114.5,99.8,62.8,,True,minor spalling
damage491.jpg,ok,114.5,99.8,62.8,,True,minor spalling
damage492.jpg,ok,170.5,209.3,37.8,,True,rebar corrosion
damage493.jpg,ok,170.0,309.1,37.3,,True,rebar corrosion
damage494.jpg,ok,170.5,209.2,37.8,,True,rebar corrosion
damage495.jpg,ok,120.5,140.8,37.9,,True,structural deformation
damage496.jpg,ok,121.1,87.4,38.1,,True,structural deformation
damage497.jpg,ok,120.5,140.8,37.9,,True,structural deformation
damage498.jpg,ok,121.1,87.4,38.1,,True,structural deformation
damage499.jpg,flagged,114.0,76.1,35.3,too blurry,True,rebar corrosion
damage5.jpg,ok,159.5,672.9,39.5,,True,delamination
damage50.jpg,ok,164.9,855.7,23.5,,True,rebar corrosion
damage500.jpg,ok,113.9,204.0,35.1,,True,rebar corrosion
damage501.jpg,flagged,114.5,49.6,35.5,too blurry,True,rebar corrosion
damage502.jpg,flagged,173.2,9.6,31.3,too blurry,True,rebar corrosion
damage503.jpg,flagged,172.5,28.8,31.2,too blurry,True,rebar corrosion
damage504.jpg,flagged,173.2,9.6,31.3,too blurry,True,rebar corrosion
damage505.jpg,flagged,172.5,28.8,31.2,too blurry,True,rebar corrosion
damage506.jpg,flagged,189.2,42.1,37.7,too blurry,True,rebar corrosion
damage507.jpg,flagged,189.2,42.1,37.7,too blurry,True,rebar corrosion
damage508.jpg,ok,188.5,109.1,37.5,,True,rebar corrosion
damage509.jpg,ok,139.6,157.7,30.0,,True,rebar corrosion
damage51.jpg,ok,164.9,866.7,23.5,,True,rebar corrosion
damage510.jpg,flagged,181.0,41.7,39.5,too blurry,True,microcrack
damage511.jpg,flagged,181.0,41.7,39.5,too blurry,True,microcrack
damage512.jpg,ok,135.4,273.1,58.0,,True,rebar corrosion
damage513.jpg,ok,134.8,262.5,57.6,,True,rebar corrosion
damage514.jpg,ok,135.0,192.4,57.9,,True,rebar corrosion
damage515.jpg,ok,134.8,262.5,57.6,,True,rebar corrosion
damage516.jpg,ok,135.4,273.0,58.0,,True,rebar corrosion
damage517.jpg,ok,135.0,192.5,57.9,,True,rebar corrosion
damage518.jpg,flagged,172.3,54.6,53.7,too blurry,True,rebar corrosion
damage519.jpg,flagged,172.3,54.6,53.7,too blurry,True,rebar corrosion
damage52.jpg,ok,149.8,1142.5,48.0,,True,rebar corrosion
damage520.jpg,ok,148.8,162.5,28.7,,True,rebar corrosion
damage521.jpg,ok,156.3,159.2,30.3,,True,rebar corrosion
damage522.jpg,flagged,156.7,43.1,30.5,too blurry,True,rebar corrosion
damage523.jpg,flagged,156.3,62.4,30.4,too blurry,True,rebar corrosion
damage524.jpg,flagged,156.7,43.1,30.5,too blurry,True,rebar corrosion
damage525.jpg,ok,156.3,159.2,30.3,,True,rebar corrosion
damage526.jpg,flagged,121.2,64.2,69.7,too blurry,True,rebar corrosion
damage527.jpg,flagged,121.2,64.2,69.7,too blurry,True,rebar corrosion
damage528.jpg,ok,166.1,2335.2,63.5,,True,rebar corrosion
damage529.jpg,ok,166.1,2335.6,63.5,,True,rebar corrosion
damage53.jpg,ok,149.9,1128.7,48.0,,True,rebar corrosion
damage530.jpg,ok,135.6,195.1,48.3,,True,delamination
damage531.jpg,ok,135.6,195.2,48.3,,True,delamination
damage532.jpg,ok,135.6,195.1,48.3,,True,delamination
damage533.jpg,flagged,153.0,76.1,51.4,too blurry,True,concrete crushing
damage534.jpg,flagged,153.0,76.2,51.4,too blurry,True,concrete crushing
damage535.jpg,flagged,153.0,76.1,51.4,too blurry,True,concrete crushing
damage536.jpg,ok,114.0,188.8,62.5,,True,minor spalling
damage537.jpg,ok,114.6,98.5,62.8,,True,minor spalling
damage538.jpg,ok,114.0,188.8,62.5,,True,minor spalling
damage539.jpg,ok,114.3,102.2,62.8,,True,minor spalling
damage54.jpg,ok,149.8,1108.5,48.0,,True,rebar corrosion
damage540.jpg,ok,114.6,98.5,62.8,,True,minor spalling
damage541.jpg,flagged,173.0,7.3,31.3,too blurry,True,rebar corrosion
damage542.jpg,flagged,172.3,24.4,31.2,too blurry,True,rebar corrosion
damage543.jpg,flagged,172.3,24.4,31.2,too blurry,True,rebar corrosion
damage544.jpg,flagged,173.0,7.3,31.3,too blurry,True,rebar corrosion
damage545.jpg,flagged,173.0,7.3,31.3,too blurry,True,rebar corrosion
damage546.jpg,flagged,172.3,24.4,31.2,too blurry,True,rebar corrosion
damage547.jpg,ok,154.6,229.2,35.4,,True,structural crack
damage548.jpg,ok,154.5,193.5,35.2,,True,structural crack
damage549.jpg,ok,192.8,262.1,51.6,,True,concrete crushing
damage55.jpg,ok,122.4,732.1,53.3,,True,delamination
damage550.jpg,ok,192.8,262.1,51.6,,True,concrete crushing
damage551.jpg,flagged,167.4,40.6,64.4,too blurry,True,delamination
damage552.jpg,ok,148.1,214.3,47.2,,True,rebar corrosion
damage553.jpg,ok,148.0,410.5,47.1,,True,rebar corrosion
damage554.jpg,ok,148.0,408.7,47.1,,True,rebar corrosion
damage555.jpg,ok,123.7,138.4,50.1,,True,concrete crushing
damage556.jpg,ok,134.8,266.1,57.6,,True,rebar corrosion
damage557.jpg,ok,135.0,194.3,58.0,,True,rebar corrosion
damage558.jpg,ok,134.8,268.8,57.6,,True,minor spalling
damage559.jpg,ok,165.3,361.0,34.6,,True,rebar corrosion
damage56.jpg,ok,122.4,724.8,53.3,,True,delamination
damage560.jpg,ok,164.7,291.5,34.2,,True,rebar corrosion
damage561.jpg,ok,164.6,500.4,33.9,,True,rebar corrosion
damage562.jpg,ok,165.3,361.0,34.6,,True,rebar corrosion
damage563.jpg,ok,164.6,500.4,33.9,,True,rebar corrosion
damage564.jpg,ok,136.9,80.3,43.0,,True,rebar corrosion
damage565.jpg,ok,136.9,80.3,43.0,,True,rebar corrosion
damage566.jpg,flagged,177.5,22.6,10.4,too blurry; low contrast,True,structural crack
damage567.jpg,flagged,177.5,24.7,10.4,too blurry; low contrast,True,structural crack
damage568.jpg,flagged,177.8,52.9,10.5,too blurry; low contrast,True,structural crack
damage569.jpg,flagged,180.5,32.2,12.2,too blurry; low contrast,True,structural crack
damage57.jpg,ok,122.4,731.1,53.3,,True,delamination
damage570.jpg,flagged,180.2,43.3,13.2,too blurry; low contrast,True,microcrack
damage571.jpg,flagged,179.7,49.4,15.1,too blurry,True,microcrack
damage572.jpg,flagged,178.2,42.7,12.6,too blurry; low contrast,True,microcrack
damage573.jpg,flagged,175.0,36.2,13.7,too blurry; low contrast,True,microcrack
damage574.jpg,flagged,176.9,54.4,15.3,too blurry,True,microcrack
damage575.jpg,flagged,176.7,48.7,13.7,too blurry; low contrast,True,microcrack
damage576.jpg,flagged,178.3,57.9,14.5,too blurry; low contrast,True,microcrack
damage577.jpg,flagged,179.6,34.1,11.4,too blurry; low contrast,True,microcrack
damage578.jpg,flagged,177.1,36.7,11.3,too blurry; low contrast,True,microcrack
damage579.jpg,flagged,179.6,73.8,14.9,too blurry; low contrast,True,microcrack
damage58.jpg,ok,136.4,312.5,38.2,,True,rebar corrosion
damage580.jpg,flagged,194.2,16.5,7.4,too blurry; low contrast,True,microcrack
damage581.jpg,flagged,194.2,15.0,7.4,too blurry; low contrast,True,microcrack
damage582.jpg,flagged,173.7,31.6,10.5,too blurry; low contrast,True,microcrack
damage583.jpg,flagged,173.8,33.5,10.7,too blurry; low contrast,True,microcrack
damage584.jpg,ok,182.2,81.3,16.7,,True,structural crack
damage585.jpg,flagged,182.6,133.9,12.8,low contrast,True,microcrack
damage586.jpg,flagged,185.5,21.4,12.8,too blurry; low contrast,True,microcrack
damage587.jpg,flagged,185.8,57.4,12.9,too blurry; low contrast,True,microcrack
damage588.jpg,flagged,178.6,137.9,13.8,low contrast,True,microcrack
damage589.jpg,flagged,177.8,43.4,14.3,too blurry; low contrast,True,microcrack
damage59.jpg,ok,136.5,309.5,38.2,,True,rebar corrosion
damage590.jpg,flagged,178.1,142.3,14.6,low contrast,True,microcrack
damage591.jpg,flagged,116.4,33.4,49.2,too blurry,True,structural crack
damage592.jpg,flagged,177.7,79.8,17.9,too blurry,True,microcrack
damage593.jpg,ok,178.0,226.8,18.3,,True,microcrack
damage594.jpg,ok,178.0,206.6,18.5,,True,microcrack
damage595.jpg,flagged,174.6,69.3,17.2,too blurry,True,microcrack
damage596.jpg,ok,174.9,187.4,17.5,,True,microcrack
damage597.jpg,flagged,169.2,23.0,11.7,too blurry; low contrast,True,microcrack
damage598.jpg,flagged,183.3,59.7,16.3,too blurry,True,microcrack
damage599.jpg,flagged,178.4,46.5,14.2,too blurry; low contrast,True,microcrack
damage6.jpg,ok,140.7,672.5,48.9,,True,rebar corrosion
damage60.jpg,ok,172.7,411.9,37.0,,True,minor spalling
damage600.jpg,flagged,183.1,56.4,27.4,too blurry,True,structural crack
damage601.jpg,flagged,183.0,44.8,27.3,too blurry,True,structural crack
damage602.jpg,ok,181.6,142.4,23.2,,True,structural crack
damage603.jpg,flagged,181.3,50.0,22.9,too blurry,True,structural crack
damage604.jpg,flagged,182.2,31.1,21.3,too blurry,True,structural crack
damage605.jpg,ok,182.5,81.3,21.4,,True,structural crack
damage606.jpg,flagged,187.2,30.9,13.6,too blurry; low contrast,True,microcrack
damage607.jpg,flagged,187.0,27.9,13.5,too blurry; low contrast,True,microcrack
damage608.jpg,flagged,176.8,28.2,13.3,too blurry; low contrast,True,microcrack
damage609.jpg,flagged,170.9,5.5,8.1,too blurry; low contrast,True,microcrack
damage61.jpg,ok,172.7,409.4,37.0,,True,minor spalling
damage610.jpg,flagged,184.8,15.9,8.0,too blurry; low contrast,True,microcrack
damage611.jpg,flagged,184.9,16.2,8.0,too blurry; low contrast,True,microcrack
damage612.jpg,flagged,181.8,25.7,14.2,too blurry; low contrast,True,microcrack
damage613.jpg,flagged,174.4,53.0,12.9,too blurry; low contrast,True,microcrack
damage614.jpg,ok,127.8,263.1,44.5,,True,rebar corrosion
damage615.jpg,flagged,174.6,50.1,16.2,too blurry,True,microcrack
damage616.jpg,flagged,177.1,71.3,15.0,too blurry; low contrast,True,structural crack
damage617.jpg,flagged,177.2,74.2,15.2,too blurry,True,structural crack
damage618.jpg,flagged,181.5,45.4,10.9,too blurry; low contrast,True,microcrack
damage619.jpg,flagged,175.6,77.3,8.9,too blurry; low contrast,True,microcrack
damage62.jpg,ok,172.7,413.9,37.0,,True,minor spalling
damage620.jpg,flagged,175.3,25.1,8.7,too blurry; low contrast,True,microcrack
damage621.jpg,flagged,172.1,106.5,11.2,low contrast,True,microcrack
damage622.jpg,flagged,171.8,34.2,10.9,too blurry; low contrast,True,microcrack
damage623.jpg,flagged,171.9,38.3,11.1,too blurry; low contrast,True,microcrack
damage624.jpg,flagged,173.5,27.2,10.3,too blurry; low contrast,True,microcrack
damage625.jpg,flagged,173.8,81.4,10.5,low contrast,True,microcrack
damage626.jpg,flagged,172.8,84.2,11.6,low contrast,True,minor spalling
damage627.jpg,flagged,172.6,28.4,11.5,too blurry; low contrast,True,minor spalling
damage628.jpg,flagged,171.2,11.2,7.8,too blurry; low contrast,True,microcrack
damage629.jpg,ok,127.8,263.1,44.5,,True,rebar corrosion
damage63.jpg,ok,158.3,1410.3,51.7,,True,rebar corrosion
damage630.jpg,flagged,171.6,24.8,10.3,too blurry; low contrast,True,microcrack
damage631.jpg,flagged,173.4,78.3,12.5,too blurry; low contrast,True,microcrack
damage632.jpg,flagged,188.3,108.7,10.8,low contrast,True,microcrack
damage633.jpg,flagged,188.3,36.3,10.5,too blurry; low contrast,True,microcrack
damage634.jpg,flagged,188.3,35.8,10.5,too blurry; low contrast,True,microcrack
damage635.jpg,flagged,168.1,54.8,16.1,too blurry,True,microcrack
damage636.jpg,ok,168.1,174.5,16.2,,True,microcrack
damage637.jpg,flagged,168.0,59.1,16.0,too blurry,True,microcrack
damage638.jpg,flagged,170.2,195.6,13.8,low contrast,True,microcrack
damage639.jpg,flagged,169.9,62.2,13.4,too blurry; low contrast,True,microcrack
damage64.jpg,ok,158.3,1418.8,51.7,,True,rebar corrosion
damage640.jpg,flagged,178.3,87.6,13.6,low contrast,True,microcrack
damage641.jpg,flagged,178.1,34.8,13.4,too blurry; low contrast,True,microcrack
damage642.jpg,flagged,194.6,38.1,12.7,too blurry; low contrast,True,microcrack
damage643.jpg,flagged,194.7,105.0,12.9,low contrast,True,microcrack
damage644.jpg,flagged,170.8,69.1,18.5,too blurry,True,structural crack
damage645.jpg,flagged,171.8,70.5,14.7,too blurry; low contrast,True,structural crack
damage646.jpg,ok,126.9,212.5,54.7,,True,rebar corrosion
damage647.jpg,flagged,192.3,47.5,18.1,too blurry,True,structural crack
damage648.jpg,ok,192.2,113.8,18.2,,True,structural crack
damage649.jpg,flagged,192.1,54.6,15.2,too blurry,True,microcrack
damage65.jpg,ok,158.3,1406.6,51.7,,True,rebar corrosion
damage650.jpg,ok,192.1,130.4,15.5,,True,microcrack
damage651.jpg,ok,175.7,201.9,17.8,,True,microcrack
damage652.jpg,flagged,186.3,51.9,14.6,too blurry; low contrast,True,microcrack
damage653.jpg,flagged,186.5,147.6,14.9,low contrast,True,microcrack
damage654.jpg,ok,135.2,1703.7,34.8,,True,rebar corrosion
damage655.jpg,ok,135.3,1079.8,35.6,,True,rebar corrosion
damage656.jpg,ok,152.8,186.9,40.2,,True,rebar corrosion
damage657.jpg,ok,133.9,1873.4,61.7,,True,concrete crushing
damage658.jpg,ok,143.6,82.8,26.3,,True,rebar corrosion
damage659.jpg,ok,140.5,1063.5,42.3,,True,structural deformation
damage66.jpg,ok,161.1,695.2,35.2,,True,rebar corrosion
damage660.jpg,ok,148.7,198.3,47.5,,True,rebar corrosion
damage661.jpg,ok,148.1,411.1,47.1,,True,rebar corrosion
damage662.jpg,ok,135.4,558.5,57.3,,True,concrete crushing
damage663.jpg,ok,144.3,516.3,35.1,,True,structural deformation
damage664.jpg,ok,131.3,515.5,44.4,,True,concrete crushing
damage665.jpg,ok,131.8,1550.3,45.2,,True,concrete crushing
damage666.jpg,ok,120.5,225.0,55.5,,True,structural deformation
damage667.jpg,ok,93.9,82.3,61.3,,True,structural deformation
damage668.jpg,ok,140.8,185.1,38.5,,True,concrete crushing
damage669.jpg,ok,145.8,420.0,49.7,,True,concrete crushing
damage67.jpg,ok,161.1,693.3,35.1,,True,rebar corrosion
damage670.jpg,ok,157.7,224.5,58.8,,True,structural deformation
damage671.jpg,ok,158.1,672.9,59.1,,True,structural deformation
damage672.jpg,ok,139.1,374.2,51.3,,True,delamination
damage673.jpg,ok,151.6,115.1,24.3,,True,structural crack
damage674.jpg,ok,151.9,372.8,24.8,,True,structural crack
damage675.jpg,ok,151.9,372.8,24.8,,True,structural crack
damage676.jpg,ok,152.5,462.5,22.5,,True,structural crack
damage677.jpg,ok,152.5,462.5,22.5,,True,structural crack
damage678.jpg,ok,143.8,511.1,27.3,,True,structural crack
damage679.jpg,ok,143.8,511.2,27.3,,True,structural crack
damage68.jpg,ok,161.1,689.5,35.1,,True,rebar corrosion
damage680.jpg,ok,118.4,418.1,22.6,,True,structural crack
damage681.jpg,ok,118.4,418.1,22.6,,True,structural crack
damage682.jpg,ok,148.0,211.8,20.6,,True,structural crack
damage683.jpg,ok,148.0,211.8,20.6,,True,structural crack
damage684.jpg,ok,134.9,589.3,45.5,,True,rebar corrosion
damage685.jpg,ok,148.8,311.4,20.6,,True,structural crack
damage686.jpg,ok,148.8,311.4,20.6,,True,structural crack
damage687.jpg,ok,125.8,261.5,23.8,,True,structural crack
damage688.jpg,ok,125.8,261.5,23.8,,True,structural crack
damage689.jpg,ok,135.4,1059.5,43.2,,True,rebar corrosion
damage69.jpg,ok,137.7,228.2,77.0,,True,rebar corrosion
damage690.jpg,flagged,125.9,27.3,62.2,too blurry,True,rebar corrosion
damage691.jpg,ok,146.7,185.7,37.4,,True,rebar corrosion
damage692.jpg,ok,146.1,548.4,36.8,,True,rebar corrosion
damage693.jpg,ok,146.7,185.6,37.4,,True,rebar corrosion
damage694.jpg,ok,146.1,547.0,36.8,,True,rebar corrosion
damage695.jpg,ok,142.7,369.4,24.7,,True,rebar corrosion
damage696.jpg,ok,126.7,568.9,35.4,,True,concrete crushing
damage697.jpg,ok,217.4,1477.3,22.8,,True,structural crack
damage698.jpg,ok,216.7,885.7,21.0,,True,structural crack
damage699.jpg,ok,216.8,497.1,21.4,,True,structural crack
damage7.jpg,flagged,137.1,77.5,38.7,too blurry,True,rebar corrosion
damage70.jpg,ok,135.6,112.0,38.7,,True,structural crack
damage700.jpg,flagged,145.2,41.2,24.4,too blurry,True,rebar corrosion
damage701.jpg,ok,202.5,1322.2,35.9,,True,structural crack
damage702.jpg,ok,204.5,213.8,29.2,,True,rebar corrosion
damage703.jpg,flagged,204.1,55.3,29.0,too blurry,True,rebar corrosion
damage704.jpg,flagged,145.2,41.2,24.4,too blurry,True,rebar corrosion
damage705.jpg,ok,173.0,287.7,45.9,,True,structural crack
damage706.jpg,ok,173.6,382.0,46.3,,True,structural crack
damage707.jpg,ok,173.0,225.4,46.0,,True,structural crack
damage708.jpg,ok,108.0,662.9,34.3,,True,structural crack
damage709.jpg,ok,151.3,509.8,30.7,,True,structural crack
damage71.jpg,ok,139.3,1016.4,52.8,,True,structural crack
damage710.jpg,ok,151.4,1618.4,31.9,,True,structural crack
damage711.jpg,ok,152.1,6989.8,37.4,,True,structural crack
damage712.jpg,flagged,185.9,64.2,21.1,too blurry,True,structural crack
damage713.jpg,ok,174.9,2457.9,34.7,,True,structural crack
damage714.jpg,ok,216.1,231.1,32.6,,True,microcrack
damage715.jpg,ok,183.1,211.5,51.6,,True,structural crack
damage716.jpg,ok,166.8,6054.7,50.9,,True,structural crack
damage717.jpg,ok,144.9,1502.8,34.2,,True,structural crack
damage718.jpg,flagged,134.0,64.0,29.3,too blurry,True,structural crack
damage719.jpg,flagged,157.5,76.9,12.6,too blurry; low contrast,True,microcrack
damage72.jpg,ok,139.3,1025.9,52.8,,True,structural crack
damage720.jpg,flagged,158.0,241.9,13.1,low contrast,True,microcrack
damage721.jpg,ok,201.4,641.8,37.4,,True,microcrack
damage722.jpg,ok,153.9,538.2,41.9,,True,structural crack
damage723.jpg,ok,107.9,668.1,34.4,,True,structural crack
damage724.jpg,ok,183.6,1101.3,44.0,,True,structural crack
damage725.jpg,ok,205.4,545.7,23.7,,True,structural crack
damage726.jpg,ok,204.9,618.7,21.8,,True,structural crack
damage727.jpg,ok,204.9,605.1,21.8,,True,structural crack
damage728.jpg,flagged,149.2,65.9,22.6,too blurry,True,microcrack
damage729.jpg,ok,149.6,95.9,22.7,,True,microcrack
damage73.jpg,ok,139.4,1022.4,52.8,,True,structural crack
damage730.jpg,ok,174.4,1528.9,24.2,,True,structural crack
damage731.jpg,ok,173.8,596.8,22.7,,True,structural crack
damage732.jpg,flagged,158.3,26.1,6.4,too blurry; low contrast,True,microcrack
damage733.jpg,flagged,158.6,91.1,6.6,low contrast,True,microcrack
damage734.jpg,ok,102.3,666.8,63.8,,True,rebar corrosion
damage735.jpg,ok,126.4,163.3,41.3,,True,structural crack
damage736.jpg,flagged,126.8,16.5,36.4,too blurry,True,structural crack
damage737.jpg,ok,180.5,113.8,18.8,,True,structural crack
damage738.jpg,flagged,117.4,38.3,31.8,too blurry,True,structural crack
damage739.jpg,ok,192.5,149.9,27.3,,True,structural crack
damage74.jpg,ok,149.5,509.5,24.1,,True,delamination
damage740.jpg,flagged,121.2,65.7,69.7,too blurry,True,rebar corrosion
damage741.jpg,flagged,183.4,29.0,17.1,too blurry,True,structural crack
damage742.jpg,flagged,183.8,8.7,17.2,too blurry,True,structural crack
damage743.jpg,flagged,166.9,16.6,30.7,too blurry,True,structural crack
damage744.jpg,flagged,167.1,68.8,30.7,too blurry,True,structural crack
damage745.jpg,flagged,223.0,456.6,18.9,too bright,True,structural crack
damage746.jpg,flagged,223.7,955.2,21.0,too bright,True,structural crack
damage747.jpg,ok,162.8,2988.5,24.3,,True,structural crack
damage748.jpg,ok,207.6,193.8,17.1,,True,structural crack
damage749.jpg,ok,182.2,199.0,35.3,,True,delamination
damage75.jpg,ok,149.5,510.9,24.1,,True,delamination
damage750.jpg,ok,182.7,380.5,35.6,,True,delamination
damage751.jpg,ok,182.2,132.0,35.4,,True,delamination
damage752.jpg,ok,133.3,200.3,52.5,,True,delamination
damage753.jpg,ok,134.0,154.9,52.7,,True,delamination
damage754.jpg,ok,125.7,135.4,29.3,,True,microcrack
damage755.jpg,flagged,153.1,48.2,34.1,too blurry,True,microcrack
damage756.jpg,flagged,153.1,49.0,34.1,too blurry,True,microcrack
damage757.jpg,ok,214.1,240.5,22.2,,True,microcrack
damage758.jpg,ok,213.6,223.7,21.8,,True,microcrack
damage759.jpg,ok,213.6,224.8,21.8,,True,microcrack
damage76.jpg,ok,149.6,509.7,24.1,,True,delamination
damage760.jpg,ok,149.4,416.5,19.7,,True,structural crack
damage761.jpg,ok,149.9,1478.8,20.9,,True,structural crack
damage762.jpg,ok,149.9,1478.8,20.9,,True,structural crack
damage763.jpg,ok,156.5,254.1,18.8,,True,structural crack
damage764.jpg,ok,156.5,254.1,18.8,,True,structural crack
damage765.jpg,ok,171.9,84.9,26.1,,True,structural crack
damage766.jpg,ok,171.9,84.9,26.1,,True,structural crack
damage767.jpg,flagged,221.9,75.0,19.6,too bright; too blurry,True,structural crack
damage768.jpg,ok,160.1,170.6,40.3,,True,rebar corrosion
damage769.jpg,ok,175.5,88.0,23.6,,True,microcrack
damage77.jpg,ok,134.0,1155.9,42.5,,True,rebar corrosion
damage770.jpg,flagged,175.0,31.7,23.4,too blurry,True,microcrack
damage771.jpg,flagged,138.9,58.4,15.6,too blurry,True,structural crack
damage772.jpg,flagged,138.9,58.4,15.6,too blurry,True,structural crack
damage773.jpg,ok,111.5,6668.0,44.2,,True,rebar corrosion
damage774.jpg,ok,115.1,108.8,58.6,,True,structural deformation
damage775.jpg,ok,138.4,332.9,43.6,,True,structural deformation
damage776.jpg,ok,140.6,748.9,47.3,,True,structural deformation
damage777.jpg,flagged,130.2,70.7,52.2,too blurry,True,concrete crushing
damage778.jpg,ok,130.1,108.2,52.1,,True,concrete crushing
damage779.jpg,ok,130.4,549.3,52.3,,True,concrete crushing
damage78.jpg,ok,134.0,1162.9,42.5,,True,rebar corrosion
damage780.jpg,ok,120.4,168.0,39.6,,True,structural deformation
damage781.jpg,ok,119.4,161.1,39.1,,True,structural deformation
damage782.jpg,ok,119.4,157.0,39.2,,True,structural deformation
damage783.jpg,ok,128.2,333.9,30.9,,True,delamination
damage784.jpg,flagged,128.9,28.5,31.5,too blurry,True,delamination
damage785.jpg,flagged,145.5,9.2,37.0,too blurry,True,rebar corrosion
damage786.jpg,ok,148.6,107.6,28.0,,True,concrete crushing
damage787.jpg,ok,149.2,233.6,28.4,,True,concrete crushing
damage788.jpg,ok,128.4,562.0,55.9,,True,concrete crushing
damage789.jpg,ok,121.4,491.6,62.6,,True,minor spalling
damage79.jpg,ok,134.0,1134.9,42.5,,True,rebar corrosion
damage790.jpg,ok,126.4,1217.1,34.3,,True,rebar corrosion
damage791.jpg,ok,131.6,396.2,57.3,,True,structural deformation
damage792.jpg,ok,132.2,132.7,57.8,,True,structural deformation
damage793.jpg,ok,176.7,1928.5,50.4,,True,rebar corrosion
damage794.jpg,flagged,145.5,9.2,37.0,too blurry,True,rebar corrosion
damage795.jpg,ok,130.9,96.3,30.9,,True,structural crack
damage796.jpg,flagged,134.4,61.9,52.2,too blurry,True,rebar corrosion
damage797.jpg,ok,142.4,1292.3,53.7,,True,structural deformation
damage798.jpg,ok,126.9,144.5,64.5,,True,rebar corrosion
damage799.jpg,ok,100.7,128.2,42.7,,True,structural deformation
damage8.jpg,ok,140.9,966.2,46.2,,True,rebar corrosion
damage80.jpg,ok,148.4,627.0,27.1,,True,moderate spalling
damage800.jpg,ok,101.1,573.5,42.9,,True,structural deformation
damage801.jpg,ok,153.0,1102.7,40.2,,True,concrete crushing
damage802.jpg,ok,130.2,193.5,51.4,,True,structural crack
damage803.jpg,ok,111.0,1124.0,53.1,,True,structural deformation
damage804.jpg,ok,111.2,942.3,53.4,,True,structural deformation
damage805.jpg,ok,111.8,1896.7,54.4,,True,structural deformation
damage806.jpg,ok,150.3,639.6,56.8,,True,structural deformation
damage807.jpg,ok,149.9,159.8,56.6,,True,structural deformation
damage808.jpg,ok,142.0,302.1,44.6,,True,structural deformation
damage809.jpg,ok,142.3,1503.2,45.0,,True,structural deformation
damage81.jpg,ok,148.4,625.5,27.1,,True,moderate spalling
damage810.jpg,ok,170.9,293.3,29.2,,True,delamination
damage811.jpg,ok,177.6,2460.4,37.8,,True,delamination
damage812.jpg,ok,177.2,418.6,37.2,,True,delamination
damage813.jpg,ok,145.1,824.7,49.5,,True,microcrack
damage814.jpg,ok,168.3,1732.3,35.0,,True,rebar corrosion
damage815.jpg,ok,168.0,342.6,34.4,,True,rebar corrosion
damage816.jpg,ok,140.7,2305.5,45.2,,True,delamination
damage817.jpg,ok,141.0,14854.3,47.9,,True,delamination
damage818.jpg,ok,154.5,558.1,50.2,,True,rebar corrosion
damage819.jpg,ok,154.9,2624.7,50.9,,True,rebar corrosion
damage82.jpg,ok,148.4,631.5,27.1,,True,moderate spalling
damage820.jpg,ok,154.6,377.5,50.4,,True,rebar corrosion
damage821.jpg,ok,167.4,9236.1,63.9,,True,rebar corrosion
damage822.jpg,ok,154.1,163.9,32.8,,True,rebar corrosion
damage823.jpg,ok,154.4,926.1,33.2,,True,rebar corrosion
damage824.jpg,ok,145.0,410.1,67.3,,True,rebar corrosion
damage825.jpg,ok,157.6,126.2,29.3,,True,rebar corrosion
damage826.jpg,ok,157.7,92.2,29.4,,True,rebar corrosion
damage827.jpg,ok,157.9,630.3,29.7,,True,rebar corrosion
damage828.jpg,ok,144.8,94.4,23.9,,True,rebar corrosion
damage829.jpg,ok,144.7,133.7,23.8,,True,rebar corrosion
damage83.jpg,ok,159.6,1816.6,53.7,,True,rebar corrosion
damage830.jpg,ok,145.1,789.8,24.2,,True,rebar corrosion
damage831.jpg,ok,166.9,4850.6,47.4,,True,rebar corrosion
damage832.jpg,ok,149.2,3500.6,29.9,,True,rebar corrosion
damage833.jpg,ok,148.9,435.3,28.9,,True,rebar corrosion
damage834.jpg,ok,130.6,625.4,60.2,,True,rebar corrosion
damage835.jpg,ok,165.2,1789.8,34.0,,True,delamination
damage836.jpg,ok,144.9,322.1,22.5,,True,moderate spalling
damage837.jpg,flagged,144.6,39.1,22.3,too blurry,True,moderate spalling
damage838.jpg,flagged,144.6,57.6,22.3,too blurry,True,moderate spalling
damage839.jpg,ok,139.8,1107.5,45.8,,True,rebar corrosion
damage84.jpg,ok,159.6,1819.2,53.7,,True,rebar corrosion
damage840.jpg,ok,139.5,215.3,45.5,,True,rebar corrosion
damage841.jpg,ok,131.0,239.5,32.7,,True,rebar corrosion
damage842.jpg,ok,131.4,1243.8,33.2,,True,rebar corrosion
damage843.jpg,ok,149.2,400.1,25.6,,True,minor spalling
damage844.jpg,ok,157.9,413.8,36.1,,True,rebar corrosion
damage845.jpg,ok,165.0,748.8,24.3,,True,rebar corrosion
damage846.jpg,ok,164.9,740.4,24.3,,True,rebar corrosion
damage847.jpg,ok,165.4,955.7,26.2,,True,rebar corrosion
damage848.jpg,ok,139.9,124.9,60.6,,True,rebar corrosion
damage849.jpg,ok,147.1,378.6,43.0,,True,concrete crushing
damage85.jpg,ok,159.6,1821.6,53.7,,True,rebar corrosion
damage850.jpg,flagged,125.9,34.3,32.6,too blurry,True,microcrack
damage851.jpg,flagged,132.2,20.9,14.6,too blurry; low contrast,True,microcrack
damage852.jpg,flagged,132.2,20.9,14.6,too blurry; low contrast,True,microcrack
damage853.jpg,flagged,131.8,9.7,14.5,too blurry; low contrast,True,microcrack
damage854.jpg,flagged,131.4,164.5,13.6,low contrast,True,microcrack
damage855.jpg,flagged,131.0,50.2,13.3,too blurry; low contrast,True,microcrack
damage856.jpg,flagged,131.4,164.5,13.6,low contrast,True,microcrack
damage857.jpg,ok,167.9,85.2,18.8,,True,structural crack
damage858.jpg,ok,150.5,1321.5,49.7,,True,rebar corrosion
damage859.jpg,ok,150.5,1321.5,49.7,,True,rebar corrosion
damage86.jpg,ok,131.5,578.8,51.2,,True,rebar corrosion
damage860.jpg,flagged,136.8,38.9,38.5,too blurry,True,rebar corrosion
damage861.jpg,ok,173.5,266.0,37.7,,True,rebar corrosion
damage862.jpg,ok,173.5,266.0,37.7,,True,moderate spalling
damage863.jpg,ok,158.9,435.7,52.9,,True,moderate spalling
damage864.jpg,ok,161.5,236.4,36.0,,True,moderate spalling
damage865.jpg,flagged,138.3,24.9,77.2,too blurry,True,moderate spalling
damage866.jpg,ok,108.8,264.5,24.5,,True,rebar corrosion
damage867.jpg,ok,106.9,243.0,23.2,,True,rebar corrosion
damage868.jpg,flagged,147.8,62.7,11.3,too blurry; low contrast,True,rebar corrosion
damage869.jpg,ok,106.1,276.0,25.9,,True,rebar corrosion
damage87.jpg,ok,131.4,583.2,51.2,,True,rebar corrosion
damage870.jpg,ok,108.7,185.4,19.4,,True,rebar corrosion
damage871.jpg,ok,112.1,206.8,23.8,,True,rebar corrosion
damage872.jpg,flagged,144.3,51.1,15.6,too blurry,True,rebar corrosion
damage873.jpg,ok,167.9,120.9,40.8,,True,rebar corrosion
damage874.jpg,flagged,142.7,63.7,16.7,too blurry,True,rebar corrosion
damage875.jpg,flagged,156.5,68.5,39.3,too blurry,True,rebar corrosion
damage876.jpg,ok,186.3,332.2,37.5,,True,rebar corrosion
damage877.jpg,flagged,140.8,66.9,14.3,too blurry; low contrast,True,rebar corrosion
damage878.jpg,flagged,126.1,7.3,6.6,too blurry; low contrast,True,minor spalling
damage879.jpg,flagged,132.6,13.1,10.3,too blurry; low contrast,True,minor spalling
damage88.jpg,ok,131.5,590.2,51.2,,True,rebar corrosion
damage880.jpg,ok,117.9,234.6,28.8,,True,delamination
damage881.jpg,ok,134.3,548.3,37.4,,True,delamination
damage882.jpg,ok,146.6,906.9,34.9,,True,rebar corrosion
damage883.jpg,ok,138.0,564.2,55.1,,True,concrete crushing
damage884.jpg,ok,147.2,505.5,41.6,,True,rebar corrosion
damage885.jpg,ok,145.8,1489.1,48.3,,True,rebar corrosion
damage886.jpg,ok,128.4,129.7,60.6,,True,rebar corrosion
damage887.jpg,ok,118.6,101.0,47.6,,True,delamination
damage888.jpg,ok,126.3,555.9,39.3,,True,delamination
damage889.jpg,ok,156.0,229.9,62.4,,True,rebar corrosion
damage89.jpg,ok,132.5,827.1,53.5,,True,delamination
damage890.jpg,ok,141.3,199.3,40.9,,True,rebar corrosion
damage891.jpg,flagged,124.0,77.7,31.6,too blurry,True,moderate spalling
damage892.jpg,ok,157.3,552.6,35.7,,True,rebar corrosion
damage893.jpg,ok,133.6,554.0,66.8,,True,rebar corrosion
damage894.jpg,ok,136.9,129.8,17.0,,True,rebar corrosion
damage895.jpg,ok,150.9,116.6,20.6,,True,rebar corrosion
damage896.jpg,ok,149.8,401.5,50.4,,True,rebar corrosion
damage897.jpg,ok,132.1,536.0,65.1,,True,rebar corrosion
damage898.jpg,ok,132.9,420.4,61.9,,True,rebar corrosion
damage899.jpg,ok,169.5,460.8,23.2,,True,rebar corrosion
damage9.jpg,ok,140.9,965.9,46.2,,True,rebar corrosion
damage90.jpg,ok,132.4,823.9,53.5,,True,delamination
damage900.jpg,ok,124.3,568.7,64.4,,True,rebar corrosion
damage901.jpg,ok,146.6,604.3,48.8,,True,rebar corrosion
damage902.jpg,ok,143.0,323.2,61.0,,True,rebar corrosion
damage903.jpg,ok,171.0,245.0,32.1,,True,rebar corrosion
damage904.jpg,ok,142.8,653.8,68.1,,True,rebar corrosion
damage905.jpg,ok,134.7,95.8,15.6,,True,rebar corrosion
damage906.jpg,ok,136.6,86.9,28.7,,True,rebar corrosion
damage907.jpg,ok,138.9,708.9,47.8,,True,rebar corrosion
damage908.jpg,flagged,149.1,52.5,14.0,too blurry; low contrast,True,moderate spalling
damage909.jpg,flagged,163.3,32.8,47.8,too blurry,True,moderate spalling
damage91.jpg,ok,132.5,834.0,53.5,,True,delamination
damage910.jpg,ok,140.9,2250.0,45.6,,True,delamination
damage911.jpg,ok,138.2,1186.7,40.4,,True,rebar corrosion
damage912.jpg,ok,182.8,1632.0,33.5,,True,delamination
damage913.jpg,ok,109.4,413.7,59.3,,True,structural deformation
damage914.jpg,ok,153.1,178.4,66.6,,True,delamination
damage915.jpg,flagged,157.9,17.6,28.7,too blurry,True,delamination
damage916.jpg,ok,128.1,304.4,62.2,,True,delamination
damage917.jpg,ok,111.5,87.1,58.9,,True,delamination
damage918.jpg,flagged,181.5,50.7,55.3,too blurry,True,delamination
damage919.jpg,flagged,144.5,38.8,21.3,too blurry,True,delamination
damage92.jpg,ok,122.6,951.3,66.0,,True,structural deformation
damage920.jpg,flagged,152.2,122.5,14.2,low contrast,True,moderate spalling
damage921.jpg,ok,99.8,486.7,45.9,,True,concrete crushing
damage922.jpg,ok,141.1,680.8,51.4,,True,concrete crushing
damage923.jpg,flagged,142.5,46.4,22.2,too blurry,True,moderate spalling
damage924.jpg,ok,140.3,86.1,31.4,,True,moderate spalling
damage925.jpg,ok,145.6,1124.9,31.4,,True,rebar corrosion
damage926.jpg,flagged,169.6,22.4,25.0,too blurry,True,rebar corrosion
damage927.jpg,flagged,162.9,28.3,30.9,too blurry,True,rebar corrosion
damage928.jpg,ok,158.4,138.8,31.6,,True,moderate spalling
damage929.jpg,ok,195.6,250.9,42.2,,True,moderate spalling
damage93.jpg,ok,122.7,935.6,66.0,,True,structural deformation
damage930.jpg,flagged,139.0,46.7,30.4,too blurry,True,moderate spalling
damage931.jpg,flagged,133.8,61.9,20.4,too blurry,True,moderate spalling
damage932.jpg,flagged,168.3,57.1,26.9,too blurry,True,moderate spalling
damage933.jpg,flagged,115.9,29.0,32.7,too blurry,True,moderate spalling
damage934.jpg,flagged,146.5,46.2,25.6,too blurry,True,moderate spalling
damage935.jpg,flagged,130.5,19.6,18.5,too blurry,True,rebar corrosion
damage936.jpg,flagged,127.9,13.7,20.8,too blurry,True,rebar corrosion
damage937.jpg,flagged,133.7,27.8,22.0,too blurry,True,rebar corrosion
damage938.jpg,flagged,152.3,41.4,17.8,too blurry,True,moderate spalling
damage939.jpg,flagged,173.9,14.7,18.6,too blurry,True,minor spalling
damage94.jpg,ok,122.7,946.9,66.0,,True,structural deformation
damage940.jpg,ok,166.8,126.7,29.2,,True,moderate spalling
damage941.jpg,ok,198.3,207.7,36.9,,True,moderate spalling
damage942.jpg,flagged,143.1,67.1,22.6,too blurry,True,moderate spalling
damage943.jpg,flagged,135.9,61.9,18.7,too blurry,True,moderate spalling
damage944.jpg,flagged,173.7,58.1,22.9,too blurry,True,moderate spalling
damage945.jpg,flagged,133.2,49.4,26.4,too blurry,True,moderate spalling
damage946.jpg,flagged,152.6,65.2,19.1,too blurry,True,moderate spalling
damage947.jpg,ok,146.4,925.3,24.4,,True,rebar corrosion
damage948.jpg,ok,158.5,175.5,27.6,,True,moderate spalling
damage949.jpg,ok,141.5,100.5,22.6,,True,moderate spalling
damage95.jpg,ok,140.1,1147.6,44.8,,True,rebar corrosion
damage950.jpg,ok,164.3,246.0,29.9,,True,moderate spalling
damage951.jpg,ok,155.4,243.5,21.5,,True,moderate spalling
damage952.jpg,ok,139.8,192.5,60.8,,True,rebar corrosion
damage953.jpg,ok,141.6,155.2,35.3,,True,moderate spalling
damage954.jpg,flagged,172.7,42.3,21.6,too blurry,True,delamination
damage955.jpg,ok,154.6,97.8,44.6,,True,moderate spalling
damage956.jpg,flagged,111.6,70.9,44.4,too blurry,True,rebar corrosion
damage957.jpg,ok,160.5,94.7,23.5,,True,rebar corrosion
damage958.jpg,ok,164.4,380.4,63.3,,True,concrete crushing
damage959.jpg,ok,129.3,567.3,30.4,,True,rebar corrosion
damage96.jpg,ok,140.2,1129.4,44.8,,True,rebar corrosion
damage960.jpg,flagged,116.6,30.6,36.7,too blurry,True,concrete crushing
damage961.jpg,flagged,133.3,10.4,41.2,too blurry,True,concrete crushing
damage962.jpg,flagged,134.2,46.7,45.3,too blurry,True,rebar corrosion
damage963.jpg,ok,143.8,327.2,29.5,,True,moderate spalling
damage964.jpg,ok,165.9,712.8,28.0,,True,moderate spalling
damage965.jpg,ok,155.4,711.8,51.3,,True,concrete crushing
damage966.jpg,ok,134.3,1018.9,45.6,,True,concrete crushing
damage967.jpg,flagged,136.0,67.6,27.2,too blurry,True,moderate spalling
damage968.jpg,ok,127.9,329.3,33.8,,True,moderate spalling
damage969.jpg,flagged,141.1,20.9,21.6,too blurry,True,rebar corrosion
damage97.jpg,ok,140.1,1159.5,44.8,,True,rebar corrosion
damage970.jpg,ok,139.2,82.5,24.7,,True,moderate spalling
damage971.jpg,flagged,145.5,69.6,30.5,too blurry,True,rebar corrosion
damage972.jpg,ok,142.2,97.5,35.2,,True,moderate spalling
damage973.jpg,ok,134.6,623.4,43.5,,True,moderate spalling
damage974.jpg,flagged,114.7,70.1,17.0,too blurry,True,moderate spalling
damage975.jpg,flagged,122.1,44.5,33.1,too blurry,True,moderate spalling
damage976.jpg,flagged,155.7,67.5,26.7,too blurry,True,moderate spalling
damage977.jpg,flagged,70.9,7.0,10.3,too blurry; low contrast,True,moderate spalling
damage978.jpg,flagged,131.7,33.3,49.1,too blurry,True,moderate spalling
damage979.jpg,flagged,110.1,74.5,24.2,too blurry,True,rebar corrosion
damage98.jpg,ok,141.8,317.6,42.1,,True,moderate spalling
damage980.jpg,ok,131.8,425.8,44.8,,True,moderate spalling
damage981.jpg,ok,136.1,454.7,39.8,,True,rebar corrosion
damage982.jpg,ok,168.1,239.2,35.4,,True,moderate spalling
damage983.jpg,ok,168.0,137.5,53.6,,True,rebar corrosion
damage984.jpg,flagged,148.8,43.2,25.3,too blurry,True,rebar corrosion
damage985.jpg,flagged,145.1,14.8,17.9,too blurry,True,rebar corrosion
damage986.jpg,flagged,101.7,47.3,18.5,too blurry,True,rebar corrosion
damage987.jpg,flagged,122.1,42.2,20.4,too blurry,True,moderate spalling
damage988.jpg,flagged,111.1,33.1,19.9,too blurry,True,rebar corrosion
damage989.jpg,ok,117.8,160.7,42.3,,True,moderate spalling
damage99.jpg,ok,141.8,318.6,42.1,,True,moderate spalling
damage990.jpg,ok,117.8,166.7,54.3,,True,moderate spalling
damage991.jpg,ok,154.7,81.0,25.5,,True,rebar corrosion
damage992.jpg,flagged,105.5,44.9,31.8,too blurry,True,moderate spalling
damage993.jpg,flagged,148.8,72.5,43.2,too blurry,True,moderate spalling
damage994.jpg,ok,147.9,199.3,60.1,,True,concrete crushing
damage995.jpg,ok,188.4,834.1,54.1,,True,structural deformation
damage996.jpg,ok,149.8,262.6,56.5,,True,structural deformation
damage997.jpg,ok,126.4,619.2,55.4,,True,structural crack
damage998.jpg,ok,166.9,449.9,40.1,,True,structural crack
damage999.jpg,ok,160.1,170.6,40.3,,True,delamination
